source,resource_type,group,name,method,route_or_url,format,parameters,response_schema,deprecated,temporal_coverage,update_frequency,key_map_reference,catalog_checked_at_utc,source_page,notes
camara,api_endpoint,Blocos,Lista de dados sobre os blocos partidários,GET,https://dadosabertos.camara.leg.br/api/v2/blocos,application/json; application/xml; text/xml,"[{""description"":""Número(s) identificador(es) de um ou mais bloco(s), separados por vírgulas."",""explode"":false,""in"":""query"",""name"":""id"",""required"":false,""schema"":{""type"":""array""},""style"":""form""},{""description"":""Número(s) identificador(es) de uma ou mais legislatura(s), separados por vírgulas. Se presente, faz com que sejam retornados todos os blocos que existiram nessa(s) legislatura(s)."",""explode"":false,""in"":""query"",""name"":""idLegislatura"",""required"":false,""schema"":{""type"":""array""},""style"":""form""},{""description"":""Número da página de resultados, a partir de 1, que se deseja obter com a requisição, contendo o número de itens definido pelo parâmetro itens. Se omitido, assume o valor 1."",""in"":""query"",""name"":""pagina"",""required"":false,""schema"":{""type"":""integer"",""format"":""int32""}},{""description"":""Número máximo de itens na página que se deseja obter com esta requisição."",""in"":""query"",""name"":""itens"",""required"":false,""schema"":{""type"":""integer"",""format"":""int32""}},{""description"":""O sentido da ordenação: `asc` para A a Z ou 0 a 9, e `desc` para Z a A ou 9 a 0."",""in"":""query"",""name"":""ordem"",""required"":false,""schema"":{""type"":""string"",""default"":""ASC""}},{""description"":""Nome do campo pelo qual a lista será ordenada: `idLegislatura`, `id` ou `nome`."",""in"":""query"",""name"":""ordenarPor"",""required"":false,""schema"":{""type"":""string"",""default"":""nome""}},{""in"":""header"",""name"":""Accept"",""schema"":{""type"":""string"",""enum"":[""application/json, application/xml""]}}]","{""$ref"":""#/components/schemas/ResultadoBloco""}",false,Nao declarada de forma uniforme na especificacao OpenAPI,Nao declarada de forma uniforme na especificacao OpenAPI,docs/chaves_relacionamentos.md (exploratorio),2026-10-09T13:52:33+00:00,https://dadosabertos.camara.leg.br/api/v2/api-docs,"Paginacao, filtros, autenticacao e limites devem ser interpretados pela especificacao; nao coletar sem escopo."
camara,api_endpoint,Blocos,Informações sobre um bloco partidário específico,GET,https://dadosabertos.camara.leg.br/api/v2/blocos/{id},application/json; application/xml; text/xml,"[{""description"":""Número identificador do bloco de partidos."",""in"":""path"",""name"":""id"",""required"":true,""schema"":{""type"":""integer"",""format"":""int64""}},{""in"":""header"",""name"":""Accept"",""schema"":{""type"":""string"",""enum"":[""application/json, application/xml""]}}]","{""$ref"":""#/components/schemas/ResultadoBloco""}",false,Nao declarada de forma uniforme na especificacao OpenAPI,Nao declarada de forma uniforme na especificacao OpenAPI,docs/chaves_relacionamentos.md (exploratorio),2026-10-09T13:52:33+00:00,https://dadosabertos.camara.leg.br/api/v2/api-docs,"Paginacao, filtros, autenticacao e limites devem ser interpretados pela especificacao; nao coletar sem escopo."
camara,api_endpoint,Blocos,Lista de partidos do bloco.,GET,https://dadosabertos.camara.leg.br/api/v2/blocos/{id}/partidos,application/json; application/xml; text/xml,"[{""description"":""Número identificador do bloco de partidos."",""in"":""path"",""name"":""id"",""required"":true,""schema"":{""type"":""integer"",""format"":""int64""}},{""description"":""Data e hora, em formato `AAAA-MM-DDTHH:mm`, na qual se deseja saber os partidos que faziam parte do bloco `{id}`. Se omitida, é retornada a composição no momento da requisição."",""in"":""query"",""name"":""data"",""required"":false,""schema"":{""type"":""string""}},{""in"":""header"",""name"":""Accept"",""schema"":{""type"":""string"",""enum"":[""application/json, application/xml""]}}]","{""$ref"":""#/components/schemas/ResultadoBloco""}",false,Nao declarada de forma uniforme na especificacao OpenAPI,Nao declarada de forma uniforme na especificacao OpenAPI,docs/chaves_relacionamentos.md (exploratorio),2026-10-09T13:52:33+00:00,https://dadosabertos.camara.leg.br/api/v2/api-docs,"Paginacao, filtros, autenticacao e limites devem ser interpretados pela especificacao; nao coletar sem escopo."
camara,api_endpoint,Deputados,"Listagem e busca de deputados, segundo critérios",GET,https://dadosabertos.camara.leg.br/api/v2/deputados,application/json; application/xml; text/xml,"[{""description"":""Número(s) identificador(es) de um deputado, separados por vírgulas."",""explode"":false,""in"":""query"",""name"":""id"",""required"":false,""schema"":{""type"":""array""},""style"":""form""},{""description"":""Parte nome parlamentar."",""in"":""query"",""name"":""nome"",""required"":false,""schema"":{""type"":""string""}},{""description"":""Número(s) identificador(es) de uma ou mais legislatura(s) de que os parlamentares tenham participado, separados por vírgulas."",""explode"":false,""in"":""query"",""name"":""idLegislatura"",""required"":false,""schema"":{""type"":""array""},""style"":""form""},{""description"":""Uma ou mais sigla(s) de unidades federativas (estados e Distrito Federal). Uma lista de siglas válidas pode ser obtida em `/referencias/deputados/siglaUf`. Se ausente, serão retornados deputados de todos os estados."",""explode"":false,""in"":""query"",""name"":""siglaUf"",""required"":false,""schema"":{""type"":""array""},""style"":""form""},{""description"":""Uma ou mais sigla(s) de partidos aos quais sejam filiados os deputados. Para obter as siglas válidas, consulte `/partidos`. __Atenção:__ partidos diferentes podem usar a mesma sigla em diferentes legislaturas!"",""explode"":false,""in"":""query"",""name"":""siglaPartido"",""required"":false,""schema"":{""type"":""array""},""style"":""form""},{""description"":""Letra que designe o gênero dos parlamentares que se deseja buscar, sendo M para masculino e F para feminino"",""in"":""query"",""name"":""siglaSexo"",""required"":false,""schema"":{""type"":""string""}},{""description"":""Número da página de resultados, a partir de 1, que se deseja obter com a requisição, contendo o número de itens definido pelo parâmetro itens. Se omitido, assume o valor 1."",""in"":""query"",""name"":""pagina"",""required"":false,""schema"":{""type"":""integer"",""format"":""int32""}},{""description"":""Número máximo de itens na página que se deseja obter com esta requisição."",""in"":""query"",""name"":""itens"",""required"":false,""schema"":{""type"":""integer"",""format"":""int32""}},{""description"":""Data de início de um intervalo de tempo, no formato `AAAA-MM-DD`."",""in"":""query"",""name"":""dataInicio"",""required"":false,""schema"":{""type"":""string""}},{""description"":""Data de término de um intervalo de tempo, no formato `AAAA-MM-DD`."",""in"":""query"",""name"":""dataFim"",""required"":false,""schema"":{""type"":""string""}},{""description"":""O sentido da ordenação: `asc` para A a Z ou 0 a 9, e `desc` para Z a A ou 9 a 0."",""in"":""query"",""name"":""ordem"",""required"":false,""schema"":{""type"":""string"",""default"":""ASC""}},{""description"":""Nome do campo pelo qual a lista deve ser ordenada: `id`, `idLegislatura`, `nome`, `siglaUF` ou `siglaPartido`"",""in"":""query"",""name"":""ordenarPor"",""required"":false,""schema"":{""type"":""string"",""default"":""nome""}},{""in"":""header"",""name"":""Accept"",""schema"":{""type"":""string"",""enum"":[""application/json, application/xml""]}}]","{""$ref"":""#/components/schemas/ResultadoDeputado""}",false,Nao declarada de forma uniforme na especificacao OpenAPI,Nao declarada de forma uniforme na especificacao OpenAPI,docs/chaves_relacionamentos.md (exploratorio),2026-10-09T13:52:33+00:00,https://dadosabertos.camara.leg.br/api/v2/api-docs,"Paginacao, filtros, autenticacao e limites devem ser interpretados pela especificacao; nao coletar sem escopo."
camara,api_endpoint,Deputados,Informações detalhadas sobre um deputado específico,GET,https://dadosabertos.camara.leg.br/api/v2/deputados/{id},application/json; application/xml; text/xml,"[{""description"":""Identificador numérico do parlamentar."",""in"":""path"",""name"":""id"",""required"":true,""schema"":{""type"":""integer"",""format"":""int64""}},{""in"":""header"",""name"":""Accept"",""schema"":{""type"":""string"",""enum"":[""application/json, application/xml""]}}]","{""$ref"":""#/components/schemas/ResultadoDeputadoID""}",false,Nao declarada de forma uniforme na especificacao OpenAPI,Nao declarada de forma uniforme na especificacao OpenAPI,docs/chaves_relacionamentos.md (exploratorio),2026-10-09T13:52:33+00:00,https://dadosabertos.camara.leg.br/api/v2/api-docs,"Paginacao, filtros, autenticacao e limites devem ser interpretados pela especificacao; nao coletar sem escopo."
camara,api_endpoint,Deputados,As despesas com exercício parlamentar do deputado,GET,https://dadosabertos.camara.leg.br/api/v2/deputados/{id}/despesas,application/json; application/xml; text/xml,"[{""description"":""Identificador numérico do parlamentar."",""in"":""path"",""name"":""id"",""required"":true,""schema"":{""type"":""integer"",""format"":""int64""}},{""description"":""Número(s) de uma ou mais legislatura(s), separados por vírgulas, em que tenham ocorrido as despesas."",""explode"":false,""in"":""query"",""name"":""idLegislatura"",""required"":false,""schema"":{""type"":""array""},""style"":""form""},{""description"":""Um ou mais ano(s) de ocorrência das despesas."",""explode"":false,""in"":""query"",""name"":""ano"",""required"":false,""schema"":{""type"":""array""},""style"":""form""},{""description"":""Um ou mais número(s) do(s) mês(es) de ocorrência das despesas."",""explode"":false,""in"":""query"",""name"":""mes"",""required"":false,""schema"":{""type"":""array""},""style"":""form""},{""description"":""CNPJ de uma pessoa jurídica, ou CPF de uma pessoa física, fornecedora do produto ou serviço (apenas números)"",""in"":""query"",""name"":""cnpjCpfFornecedor"",""required"":false,""schema"":{""type"":""string""}},{""description"":""Número da página de resultados, a partir de 1, que se deseja obter com a requisição, contendo o número de itens definido pelo parâmetro itens. Se omitido, assume o valor 1."",""in"":""query"",""name"":""pagina"",""required"":false,""schema"":{""type"":""integer"",""format"":""int32""}},{""description"":""Número máximo de itens na página que se deseja obter com esta requisição."",""in"":""query"",""name"":""itens"",""required"":false,""schema"":{""type"":""integer"",""format"":""int32""}},{""description"":""O sentido da ordenação: `asc` para A a Z ou 0 a 9, e `desc` para Z a A ou 9 a 0."",""in"":""query"",""name"":""ordem"",""required"":false,""schema"":{""type"":""string"",""default"":""ASC""}},{""description"":""Nome do campo pelo qual a lista deverá ser ordenada: qualquer um dos campos do retorno, e também `idLegislatura`"",""in"":""query"",""name"":""ordenarPor"",""required"":false,""schema"":{""type"":""string"",""default"":""ano""}},{""in"":""header"",""name"":""Accept"",""schema"":{""type"":""string"",""enum"":[""application/json, application/xml""]}}]","{""$ref"":""#/components/schemas/ResultadoDeputadoDespesas""}",false,Nao declarada de forma uniforme na especificacao OpenAPI,Nao declarada de forma uniforme na especificacao OpenAPI,docs/chaves_relacionamentos.md (exploratorio),2026-10-09T13:52:33+00:00,https://dadosabertos.camara.leg.br/api/v2/api-docs,"Paginacao, filtros, autenticacao e limites devem ser interpretados pela especificacao; nao coletar sem escopo."
camara,api_endpoint,Deputados,Os discursos feitos por um deputado em eventos diversos,GET,https://dadosabertos.camara.leg.br/api/v2/deputados/{id}/discursos,application/json; application/xml; text/xml,"[{""description"":""Identificador numérico do parlamentar."",""in"":""path"",""name"":""id"",""required"":true,""schema"":{""type"":""integer"",""format"":""int64""}},{""description"":""Número da(s) legislatura(s), separados por vírgulas, às quais os dados buscados devem corresponder."",""explode"":false,""in"":""query"",""name"":""idLegislatura"",""required"":false,""schema"":{""type"":""array""},""style"":""form""},{""description"":""Data de início de um intervalo de tempo, no formato `AAAA-MM-DD`."",""in"":""query"",""name"":""dataInicio"",""required"":false,""schema"":{""type"":""string""}},{""description"":""Data de término de um intervalo de tempo, no formato `AAAA-MM-DD`."",""in"":""query"",""name"":""dataFim"",""required"":false,""schema"":{""type"":""string""}},{""description"":""Qual dos elementos da representação deverá ser usado para aplicar ordenação à lista."",""in"":""query"",""name"":""ordenarPor"",""required"":false,""schema"":{""type"":""string"",""default"":""dataHoraInicio""}},{""description"":""O sentido da ordenação: `asc` para A a Z ou 0 a 9, e `desc` para Z a A ou 9 a 0."",""in"":""query"",""name"":""ordem"",""required"":false,""schema"":{""type"":""string"",""default"":""DESC""}},{""description"":""Número máximo de itens na página que se deseja obter com esta requisição."",""in"":""query"",""name"":""itens"",""required"":false,""schema"":{""type"":""integer"",""format"":""int32""}},{""description"":""Número da página de resultados, a partir de 1, que se deseja obter com a requisição, contendo o número de itens definido pelo parâmetro itens. Se omitido, assume o valor 1."",""in"":""query"",""name"":""pagina"",""required"":false,""schema"":{""type"":""integer"",""format"":""int32""}},{""in"":""header"",""name"":""Accept"",""schema"":{""type"":""string"",""enum"":[""application/json, application/xml""]}}]","{""$ref"":""#/components/schemas/ResultadoDeputadoDiscurso""}",false,Nao declarada de forma uniforme na especificacao OpenAPI,Nao declarada de forma uniforme na especificacao OpenAPI,docs/chaves_relacionamentos.md (exploratorio),2026-10-09T13:52:33+00:00,https://dadosabertos.camara.leg.br/api/v2/api-docs,"Paginacao, filtros, autenticacao e limites devem ser interpretados pela especificacao; nao coletar sem escopo."
camara,api_endpoint,Deputados,Uma lista de eventos com a participação do parlamentar,GET,https://dadosabertos.camara.leg.br/api/v2/deputados/{id}/eventos,application/json; application/xml; text/xml,"[{""description"":""O identificador numérico do parlamentar."",""in"":""path"",""name"":""id"",""required"":true,""schema"":{""type"":""integer"",""format"":""int64""}},{""description"":""Data de início de um intervalo de tempo, no formato `AAAA-MM-DD`."",""in"":""query"",""name"":""dataInicio"",""required"":false,""schema"":{""type"":""string""}},{""description"":""Data de término de um intervalo de tempo, no formato `AAAA-MM-DD`."",""in"":""query"",""name"":""dataFim"",""required"":false,""schema"":{""type"":""string""}},{""description"":""Número da página de resultados, a partir de 1, que se deseja obter com a requisição, contendo o número de itens definido pelo parâmetro itens. Se omitido, assume o valor 1."",""in"":""query"",""name"":""pagina"",""required"":false,""schema"":{""type"":""integer"",""format"":""int32""}},{""description"":""Número máximo de itens na página que se deseja obter com esta requisição."",""in"":""query"",""name"":""itens"",""required"":false,""schema"":{""type"":""integer"",""format"":""int32""}},{""description"":""O sentido da ordenação: `asc` para A a Z ou 0 a 9, e `desc` para Z a A ou 9 a 0."",""in"":""query"",""name"":""ordem"",""required"":false,""schema"":{""type"":""string"",""default"":""ASC""}},{""description"":""Qual dos elementos da representação deverá ser usado para aplicar ordenação à lista."",""in"":""query"",""name"":""ordenarPor"",""required"":false,""schema"":{""type"":""string"",""default"":""dataHoraInicio""}},{""in"":""header"",""name"":""Accept"",""schema"":{""type"":""string"",""enum"":[""application/json, application/xml""]}}]","{""$ref"":""#/components/schemas/ResultadoDeputadoEventos""}",false,Nao declarada de forma uniforme na especificacao OpenAPI,Nao declarada de forma uniforme na especificacao OpenAPI,docs/chaves_relacionamentos.md (exploratorio),2026-10-09T13:52:33+00:00,https://dadosabertos.camara.leg.br/api/v2/api-docs,"Paginacao, filtros, autenticacao e limites devem ser interpretados pela especificacao; nao coletar sem escopo."
camara,api_endpoint,Deputados,As frentes parlamentares das quais um deputado é integrante,GET,https://dadosabertos.camara.leg.br/api/v2/deputados/{id}/frentes,application/json; application/xml; text/xml,"[{""description"":""O identificador numérico do parlamentar."",""in"":""path"",""name"":""id"",""required"":true,""schema"":{""type"":""integer"",""format"":""int64""}},{""in"":""header"",""name"":""Accept"",""schema"":{""type"":""string"",""enum"":[""application/json, application/xml""]}}]","{""$ref"":""#/components/schemas/ResultadoIdDeputadoMembro""}",false,Nao declarada de forma uniforme na especificacao OpenAPI,Nao declarada de forma uniforme na especificacao OpenAPI,docs/chaves_relacionamentos.md (exploratorio),2026-10-09T13:52:33+00:00,https://dadosabertos.camara.leg.br/api/v2/api-docs,"Paginacao, filtros, autenticacao e limites devem ser interpretados pela especificacao; nao coletar sem escopo."
camara,api_endpoint,Deputados,Lista de mudanças no exercício parlamentar de um deputado (versão GraphQL otimizada),GET,https://dadosabertos.camara.leg.br/api/v2/deputados/{id}/historico,application/json; application/xml; text/xml,"[{""description"":""Identificador numérico do parlamentar."",""in"":""path"",""name"":""id"",""required"":true,""schema"":{""type"":""integer"",""format"":""int64""}},{""in"":""header"",""name"":""Accept"",""schema"":{""type"":""string"",""enum"":[""application/json, application/xml""]}}]","{""$ref"":""#/components/schemas/ResultadoDeputadoHistorico""}",false,Nao declarada de forma uniforme na especificacao OpenAPI,Nao declarada de forma uniforme na especificacao OpenAPI,docs/chaves_relacionamentos.md (exploratorio),2026-10-09T13:52:33+00:00,https://dadosabertos.camara.leg.br/api/v2/api-docs,"Paginacao, filtros, autenticacao e limites devem ser interpretados pela especificacao; nao coletar sem escopo."
camara,api_endpoint,Deputados,Lista de mudanças no exercício parlamentar de um deputado,GET,https://dadosabertos.camara.leg.br/api/v2/deputados/{id}/historico-old,application/json; application/xml; text/xml,"[{""description"":""Identificador numérico do parlamentar."",""in"":""path"",""name"":""id"",""required"":true,""schema"":{""type"":""integer"",""format"":""int64""}},{""in"":""header"",""name"":""Accept"",""schema"":{""type"":""string"",""enum"":[""application/json, application/xml""]}}]","{""$ref"":""#/components/schemas/ResultadoDeputadoHistorico""}",false,Nao declarada de forma uniforme na especificacao OpenAPI,Nao declarada de forma uniforme na especificacao OpenAPI,docs/chaves_relacionamentos.md (exploratorio),2026-10-09T13:52:33+00:00,https://dadosabertos.camara.leg.br/api/v2/api-docs,"Paginacao, filtros, autenticacao e limites devem ser interpretados pela especificacao; nao coletar sem escopo."
camara,api_endpoint,Deputados,Outros cargos eletivos já exercidos pelo parlamentar em sua carreira.,GET,https://dadosabertos.camara.leg.br/api/v2/deputados/{id}/mandatosExternos,application/json; application/xml; text/xml,"[{""description"":""O identificador numérico do parlamentar."",""in"":""path"",""name"":""id"",""required"":true,""schema"":{""type"":""integer"",""format"":""int64""}},{""in"":""header"",""name"":""Accept"",""schema"":{""type"":""string"",""enum"":[""application/json, application/xml""]}}]","{""$ref"":""#/components/schemas/ResultadoDeputadoMandatoExterno""}",false,Nao declarada de forma uniforme na especificacao OpenAPI,Nao declarada de forma uniforme na especificacao OpenAPI,docs/chaves_relacionamentos.md (exploratorio),2026-10-09T13:52:33+00:00,https://dadosabertos.camara.leg.br/api/v2/api-docs,"Paginacao, filtros, autenticacao e limites devem ser interpretados pela especificacao; nao coletar sem escopo."
camara,api_endpoint,Deputados,Os empregos e atividades que o(a) deputado(a) já teve,GET,https://dadosabertos.camara.leg.br/api/v2/deputados/{id}/ocupacoes,application/json; application/xml; text/xml,"[{""description"":""O identificador numérico da entidade."",""in"":""path"",""name"":""id"",""required"":true,""schema"":{""type"":""integer"",""format"":""int64""}},{""in"":""header"",""name"":""Accept"",""schema"":{""type"":""string"",""enum"":[""application/json, application/xml""]}}]","{""$ref"":""#/components/schemas/ResultadoOcupacoesDeputado""}",false,Nao declarada de forma uniforme na especificacao OpenAPI,Nao declarada de forma uniforme na especificacao OpenAPI,docs/chaves_relacionamentos.md (exploratorio),2026-10-09T13:52:33+00:00,https://dadosabertos.camara.leg.br/api/v2/api-docs,"Paginacao, filtros, autenticacao e limites devem ser interpretados pela especificacao; nao coletar sem escopo."
camara,api_endpoint,Deputados,Os órgãos dos quais um deputado é integrante,GET,https://dadosabertos.camara.leg.br/api/v2/deputados/{id}/orgaos,application/json; application/xml; text/xml,"[{""description"":""O identificador numérico do parlamentar."",""in"":""path"",""name"":""id"",""required"":true,""schema"":{""type"":""integer"",""format"":""int64""}},{""description"":""Data de início de um intervalo de tempo, no formato `AAAA-MM-DD`."",""in"":""query"",""name"":""dataInicio"",""required"":false,""schema"":{""type"":""string""}},{""description"":""Data de término de um intervalo de tempo, no formato `AAAA-MM-DD`."",""in"":""query"",""name"":""dataFim"",""required"":false,""schema"":{""type"":""string""}},{""description"":""Número da página de resultados, a partir de 1, que se deseja obter com a requisição, contendo o número de itens definido pelo parâmetro itens. Se omitido, assume o valor 1."",""in"":""query"",""name"":""pagina"",""required"":false,""schema"":{""type"":""integer"",""format"":""int32""}},{""description"":""Número máximo de itens na página que se deseja obter com esta requisição."",""in"":""query"",""name"":""itens"",""required"":false,""schema"":{""type"":""integer"",""format"":""int32""}},{""description"":""O sentido da ordenação: `asc` para A a Z ou 0 a 9, e `desc` para Z a A ou 9 a 0."",""in"":""query"",""name"":""ordem"",""required"":false,""schema"":{""type"":""string"",""default"":""ASC""}},{""description"":""Nome do campo de dados pelo qual a lista deve ser ordenada: `idOrgao`, `siglaOrgao`, `nomeOrgao`, `titulo`, `dataInicio` ou `dataFim`"",""in"":""query"",""name"":""ordenarPor"",""required"":false,""schema"":{""type"":""string"",""default"":""dataInicio""}},{""in"":""header"",""name"":""Accept"",""schema"":{""type"":""string"",""enum"":[""application/json, application/xml""]}}]","{""$ref"":""#/components/schemas/ResultadoDeputadoOrgaos""}",false,Nao declarada de forma uniforme na especificacao OpenAPI,Nao declarada de forma uniforme na especificacao OpenAPI,docs/chaves_relacionamentos.md (exploratorio),2026-10-09T13:52:33+00:00,https://dadosabertos.camara.leg.br/api/v2/api-docs,"Paginacao, filtros, autenticacao e limites devem ser interpretados pela especificacao; nao coletar sem escopo."
camara,api_endpoint,Deputados,As profissões que o parlamentar declarou à Câmara que já exerceu ou que pode exercer pela sua formação e/ou experiência,GET,https://dadosabertos.camara.leg.br/api/v2/deputados/{id}/profissoes,application/json; application/xml; text/xml,"[{""description"":""O identificador numérico do parlamentar."",""in"":""path"",""name"":""id"",""required"":true,""schema"":{""type"":""integer"",""format"":""int64""}},{""in"":""header"",""name"":""Accept"",""schema"":{""type"":""string"",""enum"":[""application/json, application/xml""]}}]","{""$ref"":""#/components/schemas/ResultadoDeputadoProfissoes""}",false,Nao declarada de forma uniforme na especificacao OpenAPI,Nao declarada de forma uniforme na especificacao OpenAPI,docs/chaves_relacionamentos.md (exploratorio),2026-10-09T13:52:33+00:00,https://dadosabertos.camara.leg.br/api/v2/api-docs,"Paginacao, filtros, autenticacao e limites devem ser interpretados pela especificacao; nao coletar sem escopo."
camara,api_endpoint,Deputados; Legislaturas,Quais deputados fizeram parte da Mesa Diretora em uma legislatura,GET,https://dadosabertos.camara.leg.br/api/v2/legislaturas/{id}/mesa,application/json; application/xml; text/xml,"[{""description"":""Número da legislatura da qual se deseja os dados."",""in"":""path"",""name"":""id"",""required"":true,""schema"":{""type"":""integer"",""format"":""int64""}},{""description"":""Dia de início do intervalo de tempo do qual se deseja saber a composição da Mesa, no formato `AAAA-MM-DD`."",""in"":""query"",""name"":""dataInicio"",""required"":false,""schema"":{""type"":""string""}},{""description"":""Data de término do intervalo de tempo do qual se deseja saber a composição da Mesa, no formato `AAAA-MM-DD`."",""in"":""query"",""name"":""dataFim"",""required"":false,""schema"":{""type"":""string""}},{""in"":""header"",""name"":""Accept"",""schema"":{""type"":""string"",""enum"":[""application/json, application/xml""]}}]","{""$ref"":""#/components/schemas/ResultadoLegislaturaIDMesa""}",false,Nao declarada de forma uniforme na especificacao OpenAPI,Nao declarada de forma uniforme na especificacao OpenAPI,docs/chaves_relacionamentos.md (exploratorio),2026-10-09T13:52:33+00:00,https://dadosabertos.camara.leg.br/api/v2/api-docs,"Paginacao, filtros, autenticacao e limites devem ser interpretados pela especificacao; nao coletar sem escopo."
camara,api_endpoint,Deputados; Lideres; Legislaturas,"Lista de líderes, vice-líderes e representantes na legislatura",GET,https://dadosabertos.camara.leg.br/api/v2/legislaturas/{id}/lideres,application/json; application/xml; text/xml,"[{""description"":""Número da legislatura da qual se deseja os dados."",""explode"":false,""in"":""path"",""name"":""id"",""required"":true,""schema"":{""type"":""array""},""style"":""form""},{""description"":""Número da página de resultados, a partir de 1, que se deseja obter com a requisição, contendo o número de itens definido pelo parâmetro itens. Se omitido, assume o valor 1."",""in"":""query"",""name"":""pagina"",""required"":false,""schema"":{""type"":""integer"",""format"":""int32""}},{""description"":""Número máximo de itens na página que se deseja obter com esta requisição."",""in"":""query"",""name"":""itens"",""required"":false,""schema"":{""type"":""integer"",""format"":""int32""}},{""in"":""header"",""name"":""Accept"",""schema"":{""type"":""string"",""enum"":[""application/json, application/xml""]}}]","{""$ref"":""#/components/schemas/ResultadoLegislaturaIDLideres""}",false,Nao declarada de forma uniforme na especificacao OpenAPI,Nao declarada de forma uniforme na especificacao OpenAPI,docs/chaves_relacionamentos.md (exploratorio),2026-10-09T13:52:33+00:00,https://dadosabertos.camara.leg.br/api/v2/api-docs,"Paginacao, filtros, autenticacao e limites devem ser interpretados pela especificacao; nao coletar sem escopo."
camara,api_endpoint,Deputados; Referências,As possíveis situações de exercício parlamentar de um deputado,GET,https://dadosabertos.camara.leg.br/api/v2/referencias/deputados/codSituacao,application/json; application/xml; text/xml,[],"{""$ref"":""#/components/schemas/ResultadoReferencias""}",false,Nao declarada de forma uniforme na especificacao OpenAPI,Nao declarada de forma uniforme na especificacao OpenAPI,docs/chaves_relacionamentos.md (exploratorio),2026-10-09T13:52:33+00:00,https://dadosabertos.camara.leg.br/api/v2/api-docs,"Paginacao, filtros, autenticacao e limites devem ser interpretados pela especificacao; nao coletar sem escopo."
camara,api_endpoint,Deputados; Referências,As possíveis situações de exercício parlamentar de um deputado,GET,https://dadosabertos.camara.leg.br/api/v2/referencias/situacoesDeputado,application/json; application/xml; text/xml,[],"{""$ref"":""#/components/schemas/ResultadoReferencias""}",false,Nao declarada de forma uniforme na especificacao OpenAPI,Nao declarada de forma uniforme na especificacao OpenAPI,docs/chaves_relacionamentos.md (exploratorio),2026-10-09T13:52:33+00:00,https://dadosabertos.camara.leg.br/api/v2/api-docs,"Paginacao, filtros, autenticacao e limites devem ser interpretados pela especificacao; nao coletar sem escopo."
camara,api_endpoint,Eventos,Lista de eventos ocorridos ou previstos nos diversos órgãos da Câmara,GET,https://dadosabertos.camara.leg.br/api/v2/eventos,application/json; application/xml; text/xml,"[{""description"":""Identificador(es) numérico(s) de um ou mais eventos, separados por vírgulas."",""explode"":false,""in"":""query"",""name"":""id"",""required"":false,""schema"":{""type"":""array""},""style"":""form""},{""description"":""Um ou mais identificador(es) numérico(s) do(s) tipo(s) de evento que se deseja obter. Os valores válidos podem ser obtidos por uma requisição a `/referencias/tiposEvento`."",""explode"":false,""in"":""query"",""name"":""codTipoEvento"",""required"":false,""schema"":{""type"":""array""},""style"":""form""},{""description"":""Um ou mais identificador(es) numéricos de tipo(s) de situação de evento, separados por vírgula. Valores válidos podem ser obtidos em `/referencias/situacoesEvento`."",""explode"":false,""in"":""query"",""name"":""codSituacao"",""required"":false,""schema"":{""type"":""array""},""style"":""form""},{""description"":""Um ou mais identificador(es) numérico(s) de tipo(s) de órgão(s) realizadores dos eventos que se deseja obter, separados por vírgula. Os valores válidos podem ser obtidos em `/referencias/tiposOrgao`."",""explode"":false,""in"":""query"",""name"":""codTipoOrgao"",""required"":false,""schema"":{""type"":""array""},""style"":""form""},{""description"":""Um ou mais identificador(es) numérico(s) de órgão(s), separados por vírgula. Os identificadores podem ser obtidos em uma requisição a `/orgaos`."",""explode"":false,""in"":""query"",""name"":""idOrgao"",""required"":false,""schema"":{""type"":""array""},""style"":""form""},{""description"":""Data de início de um intervalo de tempo, no formato `AAAA-MM-DD`."",""in"":""query"",""name"":""dataInicio"",""required"":false,""schema"":{""type"":""string""}},{""description"":""Data de término de um intervalo de tempo, no formato `AAAA-MM-DD`."",""in"":""query"",""name"":""dataFim"",""required"":false,""schema"":{""type"":""string""}},{""description"":""Hora inicial de um intervalo de tempo, no formato `hh:mm`, em horário de Brasília."",""in"":""query"",""name"":""horaInicio"",""required"":false,""schema"":{""type"":""string""}},{""description"":""Hora final de um intervalo de tempo, no formato `hh:mm`, em horário de Brasília."",""in"":""query"",""name"":""horaFim"",""required"":false,""schema"":{""type"":""string""}},{""description"":""Número da página de resultados, a partir de 1, que se deseja obter com a requisição, contendo o número de itens definido pelo parâmetro itens. Se omitido, assume o valor 1."",""in"":""query"",""name"":""pagina"",""required"":false,""schema"":{""type"":""integer"",""format"":""int32""}},{""description"":""Número máximo de itens na página que se deseja obter com esta requisição."",""in"":""query"",""name"":""itens"",""required"":false,""schema"":{""type"":""integer"",""format"":""int32""}},{""description"":""O sentido da ordenação: `asc` para A a Z ou 0 a 9, e `desc` para Z a A ou 9 a 0."",""in"":""query"",""name"":""ordem"",""required"":false,""schema"":{""type"":""string"",""default"":""ASC""}},{""description"":""Nome do campo pelo qual a lista deve ser ordenada: `id`, `dataHoraInicio`, `dataHoraFim`, `descricaoSituacao`, `descricaoTipo` ou `titulo`"",""in"":""query"",""name"":""ordenarPor"",""required"":false,""schema"":{""type"":""string"",""default"":""dataHoraInicio""}},{""in"":""header"",""name"":""Accept"",""schema"":{""type"":""string"",""enum"":[""application/json, application/xml""]}}]","{""$ref"":""#/components/schemas/ResultadoEventos""}",false,Nao declarada de forma uniforme na especificacao OpenAPI,Nao declarada de forma uniforme na especificacao OpenAPI,docs/chaves_relacionamentos.md (exploratorio),2026-10-09T13:52:33+00:00,https://dadosabertos.camara.leg.br/api/v2/api-docs,"Paginacao, filtros, autenticacao e limites devem ser interpretados pela especificacao; nao coletar sem escopo."
camara,api_endpoint,Eventos,Informações detalhadas sobre um evento específico,GET,https://dadosabertos.camara.leg.br/api/v2/eventos/{id},application/json; application/xml; text/xml,"[{""description"":""O identificador numérico do evento do qual se deseja informações"",""in"":""path"",""name"":""id"",""required"":true,""schema"":{""type"":""integer"",""format"":""int64""}},{""in"":""header"",""name"":""Accept"",""schema"":{""type"":""string"",""enum"":[""application/json, application/xml""]}}]","{""$ref"":""#/components/schemas/ResultadoEventosID""}",false,Nao declarada de forma uniforme na especificacao OpenAPI,Nao declarada de forma uniforme na especificacao OpenAPI,docs/chaves_relacionamentos.md (exploratorio),2026-10-09T13:52:33+00:00,https://dadosabertos.camara.leg.br/api/v2/api-docs,"Paginacao, filtros, autenticacao e limites devem ser interpretados pela especificacao; nao coletar sem escopo."
camara,api_endpoint,Eventos,Os deputados participantes de um evento específico,GET,https://dadosabertos.camara.leg.br/api/v2/eventos/{id}/deputados,application/json; application/xml; text/xml,"[{""description"":""O identificador numérico da entidade."",""in"":""path"",""name"":""id"",""required"":true,""schema"":{""type"":""integer"",""format"":""int64""}},{""in"":""header"",""name"":""Accept"",""schema"":{""type"":""string"",""enum"":[""application/json, application/xml""]}}]","{""$ref"":""#/components/schemas/ResultadoEventosDeputado""}",false,Nao declarada de forma uniforme na especificacao OpenAPI,Nao declarada de forma uniforme na especificacao OpenAPI,docs/chaves_relacionamentos.md (exploratorio),2026-10-09T13:52:33+00:00,https://dadosabertos.camara.leg.br/api/v2/api-docs,"Paginacao, filtros, autenticacao e limites devem ser interpretados pela especificacao; nao coletar sem escopo."
camara,api_endpoint,Eventos,Lista de órgãos organizadores do evento `{id}`,GET,https://dadosabertos.camara.leg.br/api/v2/eventos/{id}/orgaos,application/json; application/xml; text/xml,"[{""description"":""O identificador numérico da entidade."",""in"":""path"",""name"":""id"",""required"":true,""schema"":{""type"":""integer"",""format"":""int64""}},{""in"":""header"",""name"":""Accept"",""schema"":{""type"":""string"",""enum"":[""application/json, application/xml""]}}]","{""$ref"":""#/components/schemas/ResultadoEventoOrgao""}",false,Nao declarada de forma uniforme na especificacao OpenAPI,Nao declarada de forma uniforme na especificacao OpenAPI,docs/chaves_relacionamentos.md (exploratorio),2026-10-09T13:52:33+00:00,https://dadosabertos.camara.leg.br/api/v2/api-docs,"Paginacao, filtros, autenticacao e limites devem ser interpretados pela especificacao; nao coletar sem escopo."
camara,api_endpoint,Eventos,Lista de proposições que foram ou deverão ser avaliadas em um evento de caráter deliberativo,GET,https://dadosabertos.camara.leg.br/api/v2/eventos/{id}/pauta,application/json; application/xml; text/xml,"[{""description"":""O identificador numérico da entidade."",""in"":""path"",""name"":""id"",""required"":true,""schema"":{""type"":""integer"",""format"":""int64""}},{""in"":""header"",""name"":""Accept"",""schema"":{""type"":""string"",""enum"":[""application/json, application/xml""]}}]","{""$ref"":""#/components/schemas/ResultadoEventosPauta""}",false,Nao declarada de forma uniforme na especificacao OpenAPI,Nao declarada de forma uniforme na especificacao OpenAPI,docs/chaves_relacionamentos.md (exploratorio),2026-10-09T13:52:33+00:00,https://dadosabertos.camara.leg.br/api/v2/api-docs,"Paginacao, filtros, autenticacao e limites devem ser interpretados pela especificacao; nao coletar sem escopo."
camara,api_endpoint,Eventos,Informações detalhadas de votações sobre um evento específico,GET,https://dadosabertos.camara.leg.br/api/v2/eventos/{id}/votacoes,application/json; application/xml; text/xml,"[{""description"":""O identificador numérico do evento do qual se deseja informações"",""in"":""path"",""name"":""id"",""required"":true,""schema"":{""type"":""integer"",""format"":""int64""}},{""in"":""header"",""name"":""Accept"",""schema"":{""type"":""string"",""enum"":[""application/json, application/xml""]}}]","{""$ref"":""#/components/schemas/ResultadoVotacoes""}",false,Nao declarada de forma uniforme na especificacao OpenAPI,Nao declarada de forma uniforme na especificacao OpenAPI,docs/chaves_relacionamentos.md (exploratorio),2026-10-09T13:52:33+00:00,https://dadosabertos.camara.leg.br/api/v2/api-docs,"Paginacao, filtros, autenticacao e limites devem ser interpretados pela especificacao; nao coletar sem escopo."
camara,api_endpoint,Eventos; Referências,As possíveis situações para eventos,GET,https://dadosabertos.camara.leg.br/api/v2/referencias/eventos/codSituacaoEvento,application/json; application/xml; text/xml,[],"{""$ref"":""#/components/schemas/ResultadoReferencias""}",false,Nao declarada de forma uniforme na especificacao OpenAPI,Nao declarada de forma uniforme na especificacao OpenAPI,docs/chaves_relacionamentos.md (exploratorio),2026-10-09T13:52:33+00:00,https://dadosabertos.camara.leg.br/api/v2/api-docs,"Paginacao, filtros, autenticacao e limites devem ser interpretados pela especificacao; nao coletar sem escopo."
camara,api_endpoint,Eventos; Referências,Os tipos de eventos realizados na Câmara,GET,https://dadosabertos.camara.leg.br/api/v2/referencias/eventos/codTipoEvento,application/json; application/xml; text/xml,[],"{""$ref"":""#/components/schemas/ResultadoReferencias""}",false,Nao declarada de forma uniforme na especificacao OpenAPI,Nao declarada de forma uniforme na especificacao OpenAPI,docs/chaves_relacionamentos.md (exploratorio),2026-10-09T13:52:33+00:00,https://dadosabertos.camara.leg.br/api/v2/api-docs,"Paginacao, filtros, autenticacao e limites devem ser interpretados pela especificacao; nao coletar sem escopo."
camara,api_endpoint,Eventos; Referências,As possíveis situações para eventos,GET,https://dadosabertos.camara.leg.br/api/v2/referencias/situacoesEvento,application/json; application/xml; text/xml,[],"{""$ref"":""#/components/schemas/ResultadoReferencias""}",false,Nao declarada de forma uniforme na especificacao OpenAPI,Nao declarada de forma uniforme na especificacao OpenAPI,docs/chaves_relacionamentos.md (exploratorio),2026-10-09T13:52:33+00:00,https://dadosabertos.camara.leg.br/api/v2/api-docs,"Paginacao, filtros, autenticacao e limites devem ser interpretados pela especificacao; nao coletar sem escopo."
camara,api_endpoint,Eventos; Referências,Os tipos de eventos realizados na Câmara,GET,https://dadosabertos.camara.leg.br/api/v2/referencias/tiposEvento,application/json; application/xml; text/xml,[],"{""$ref"":""#/components/schemas/ResultadoReferencias""}",false,Nao declarada de forma uniforme na especificacao OpenAPI,Nao declarada de forma uniforme na especificacao OpenAPI,docs/chaves_relacionamentos.md (exploratorio),2026-10-09T13:52:33+00:00,https://dadosabertos.camara.leg.br/api/v2/api-docs,"Paginacao, filtros, autenticacao e limites devem ser interpretados pela especificacao; nao coletar sem escopo."
camara,api_endpoint,Frentes,Lista de frentes parlamentares de uma ou mais legislaturas,GET,https://dadosabertos.camara.leg.br/api/v2/frentes,application/json; application/xml; text/xml,"[{""description"":""Número da(s) legislatura(s), separados por vírgulas, às quais os dados buscados devem corresponder."",""explode"":false,""in"":""query"",""name"":""idLegislatura"",""required"":false,""schema"":{""type"":""array""},""style"":""form""},{""description"":""Número da página de resultados, a partir de 1, que se deseja obter com a requisição, contendo o número de itens definido pelo parâmetro itens. Se omitido, assume o valor 1."",""in"":""query"",""name"":""pagina"",""required"":false,""schema"":{""type"":""integer"",""format"":""int32""}},{""description"":""Número máximo de itens na página que se deseja obter com esta requisição."",""in"":""query"",""name"":""itens"",""required"":false,""schema"":{""type"":""integer"",""format"":""int32""}},{""in"":""header"",""name"":""Accept"",""schema"":{""type"":""string"",""enum"":[""application/json, application/xml""]}}]","{""$ref"":""#/components/schemas/ResultadoFrentes""}",false,Nao declarada de forma uniforme na especificacao OpenAPI,Nao declarada de forma uniforme na especificacao OpenAPI,docs/chaves_relacionamentos.md (exploratorio),2026-10-09T13:52:33+00:00,https://dadosabertos.camara.leg.br/api/v2/api-docs,"Paginacao, filtros, autenticacao e limites devem ser interpretados pela especificacao; nao coletar sem escopo."
camara,api_endpoint,Frentes,Informações detalhadas sobre uma frente parlamentar,GET,https://dadosabertos.camara.leg.br/api/v2/frentes/{id},application/json; application/xml; text/xml,"[{""description"":""Identificador numérico da frente parlamentar."",""in"":""path"",""name"":""id"",""required"":true,""schema"":{""type"":""integer"",""format"":""int64""}},{""in"":""header"",""name"":""Accept"",""schema"":{""type"":""string"",""enum"":[""application/json, application/xml""]}}]","{""$ref"":""#/components/schemas/ResultadoFrenteID""}",false,Nao declarada de forma uniforme na especificacao OpenAPI,Nao declarada de forma uniforme na especificacao OpenAPI,docs/chaves_relacionamentos.md (exploratorio),2026-10-09T13:52:33+00:00,https://dadosabertos.camara.leg.br/api/v2/api-docs,"Paginacao, filtros, autenticacao e limites devem ser interpretados pela especificacao; nao coletar sem escopo."
camara,api_endpoint,Frentes,Os deputados que participam de uma frente parlamentar,GET,https://dadosabertos.camara.leg.br/api/v2/frentes/{id}/membros,application/json; application/xml; text/xml,"[{""description"":""O identificador numérico da entidade."",""in"":""path"",""name"":""id"",""required"":true,""schema"":{""type"":""integer"",""format"":""int64""}},{""in"":""header"",""name"":""Accept"",""schema"":{""type"":""string"",""enum"":[""application/json, application/xml""]}}]","{""$ref"":""#/components/schemas/ResultadoMembroFrente""}",false,Nao declarada de forma uniforme na especificacao OpenAPI,Nao declarada de forma uniforme na especificacao OpenAPI,docs/chaves_relacionamentos.md (exploratorio),2026-10-09T13:52:33+00:00,https://dadosabertos.camara.leg.br/api/v2/api-docs,"Paginacao, filtros, autenticacao e limites devem ser interpretados pela especificacao; nao coletar sem escopo."
camara,api_endpoint,Grupos,Os grupos de cooperação entre parlamentares brasileiros e de outros países,GET,https://dadosabertos.camara.leg.br/api/v2/grupos,application/json; application/xml; text/xml,"[{""description"":""Número da página de resultados, a partir de 1, que se deseja obter com a requisição, contendo o número de itens definido pelo parâmetro itens. Se omitido, assume o valor 1."",""in"":""query"",""name"":""pagina"",""required"":false,""schema"":{""type"":""integer"",""format"":""int32""}},{""description"":""Número máximo de itens na página que se deseja obter com esta requisição."",""in"":""query"",""name"":""itens"",""required"":false,""schema"":{""type"":""integer"",""format"":""int32""}},{""description"":""O sentido da ordenação: `asc` para A a Z ou 0 a 9, e `desc` para Z a A ou 9 a 0."",""in"":""query"",""name"":""ordem"",""required"":false,""schema"":{""type"":""string"",""default"":""ASC""}},{""description"":""Nome do campo pelo qual a lista será ordenada: `id`, `idLegislatura`."",""in"":""query"",""name"":""ordenarPor"",""required"":false,""schema"":{""type"":""string"",""default"":""id""}},{""in"":""header"",""name"":""Accept"",""schema"":{""type"":""string"",""enum"":[""application/json, application/xml""]}}]","{""$ref"":""#/components/schemas/ResultadoGrupos""}",false,Nao declarada de forma uniforme na especificacao OpenAPI,Nao declarada de forma uniforme na especificacao OpenAPI,docs/chaves_relacionamentos.md (exploratorio),2026-10-09T13:52:33+00:00,https://dadosabertos.camara.leg.br/api/v2/api-docs,"Paginacao, filtros, autenticacao e limites devem ser interpretados pela especificacao; nao coletar sem escopo."
camara,api_endpoint,Grupos,Informações detalhadas sobre um determinado grupo interparlamentar,GET,https://dadosabertos.camara.leg.br/api/v2/grupos/{id},application/json; application/xml; text/xml,"[{""description"":""Número identificador do Grupo."",""in"":""path"",""name"":""id"",""required"":true,""schema"":{""type"":""integer"",""format"":""int64""}},{""in"":""header"",""name"":""Accept"",""schema"":{""type"":""string"",""enum"":[""application/json, application/xml""]}}]","{""$ref"":""#/components/schemas/ResultadoGruposID""}",false,Nao declarada de forma uniforme na especificacao OpenAPI,Nao declarada de forma uniforme na especificacao OpenAPI,docs/chaves_relacionamentos.md (exploratorio),2026-10-09T13:52:33+00:00,https://dadosabertos.camara.leg.br/api/v2/api-docs,"Paginacao, filtros, autenticacao e limites devem ser interpretados pela especificacao; nao coletar sem escopo."
camara,api_endpoint,Grupos,As variações de estado que um grupo parlamentar teve ao longo do tempo,GET,https://dadosabertos.camara.leg.br/api/v2/grupos/{id}/historico,application/json; application/xml; text/xml,"[{""description"":""Identificador numérico de Grupo histórico."",""in"":""path"",""name"":""id"",""required"":true,""schema"":{""type"":""integer"",""format"":""int64""}},{""in"":""header"",""name"":""Accept"",""schema"":{""type"":""string"",""enum"":[""application/json, application/xml""]}}]","{""$ref"":""#/components/schemas/ResultadoGruposHistorico""}",false,Nao declarada de forma uniforme na especificacao OpenAPI,Nao declarada de forma uniforme na especificacao OpenAPI,docs/chaves_relacionamentos.md (exploratorio),2026-10-09T13:52:33+00:00,https://dadosabertos.camara.leg.br/api/v2/api-docs,"Paginacao, filtros, autenticacao e limites devem ser interpretados pela especificacao; nao coletar sem escopo."
camara,api_endpoint,Grupos,Lista de parlamentares integrantes de um grupo interparlamentar,GET,https://dadosabertos.camara.leg.br/api/v2/grupos/{id}/membros,application/json; application/xml; text/xml,"[{""description"":""Número(s) identificador(es) de um Membro."",""in"":""path"",""name"":""id"",""required"":true,""schema"":{""type"":""integer"",""format"":""int64""}},{""description"":""Data de início de um intervalo de tempo, no formato `AAAA-MM-DD`."",""in"":""query"",""name"":""dataInicio"",""required"":false,""schema"":{""type"":""string""}},{""description"":""Data de término de um intervalo de tempo, no formato `AAAA-MM-DD`."",""in"":""query"",""name"":""dataFim"",""required"":false,""schema"":{""type"":""string""}},{""description"":""O sentido da ordenação: `asc` para A a Z ou 0 a 9, e `desc` para Z a A ou 9 a 0."",""in"":""query"",""name"":""ordem"",""required"":false,""schema"":{""type"":""string"",""default"":""ASC""}},{""description"":""Nome do campo pelo qual a lista será ordenada: `idLegislatura`."",""in"":""query"",""name"":""ordenarPor"",""required"":false,""schema"":{""type"":""string"",""default"":""idLegislatura""}},{""in"":""header"",""name"":""Accept"",""schema"":{""type"":""string"",""enum"":[""application/json, application/xml""]}}]","{""$ref"":""#/components/schemas/ResultadoGruposMembros""}",false,Nao declarada de forma uniforme na especificacao OpenAPI,Nao declarada de forma uniforme na especificacao OpenAPI,docs/chaves_relacionamentos.md (exploratorio),2026-10-09T13:52:33+00:00,https://dadosabertos.camara.leg.br/api/v2/api-docs,"Paginacao, filtros, autenticacao e limites devem ser interpretados pela especificacao; nao coletar sem escopo."
camara,api_endpoint,Legislaturas,Os períodos de mandatos e atividades parlamentares da Câmara,GET,https://dadosabertos.camara.leg.br/api/v2/legislaturas,application/json; application/xml; text/xml,"[{""description"":""Um ou mais número(s) de legislatura(s), separados por vírgulas. Se omitido, serão retornados dados sobre todas as legislaturas."",""explode"":false,""in"":""query"",""name"":""id"",""required"":false,""schema"":{""type"":""array""},""style"":""form""},{""description"":""Uma ou mais data(s) no formato `AAAA-MM-DD`, separadas por vírgulas. Se este parâmetro estiver presente, a requisição retornará as informações básicas sobre as legislaturas que estavam em curso nas datas informadas."",""in"":""query"",""name"":""data"",""required"":false,""schema"":{""type"":""string""}},{""description"":""Número da página de resultados, a partir de 1, que se deseja obter com a requisição, contendo o número de itens definido pelo parâmetro itens. Se omitido, assume o valor 1."",""in"":""query"",""name"":""pagina"",""required"":false,""schema"":{""type"":""integer"",""format"":""int32""}},{""description"":""Número máximo de itens na página que se deseja obter com esta requisição."",""in"":""query"",""name"":""itens"",""required"":false,""schema"":{""type"":""integer"",""format"":""int32""}},{""description"":""O sentido da ordenação: `asc` para A a Z ou 0 a 9, e `desc` para Z a A ou 9 a 0."",""in"":""query"",""name"":""ordem"",""required"":false,""schema"":{""type"":""string"",""default"":""DESC""}},{""description"":""Qual dos elementos da representação deverá ser usado para aplicar ordenação à lista."",""in"":""query"",""name"":""ordenarPor"",""required"":false,""schema"":{""type"":""string"",""default"":""id""}},{""in"":""header"",""name"":""Accept"",""schema"":{""type"":""string"",""enum"":[""application/json, application/xml""]}}]","{""$ref"":""#/components/schemas/ResultadoLegislaturas""}",false,Nao declarada de forma uniforme na especificacao OpenAPI,Nao declarada de forma uniforme na especificacao OpenAPI,docs/chaves_relacionamentos.md (exploratorio),2026-10-09T13:52:33+00:00,https://dadosabertos.camara.leg.br/api/v2/api-docs,"Paginacao, filtros, autenticacao e limites devem ser interpretados pela especificacao; nao coletar sem escopo."
camara,api_endpoint,Legislaturas,Informações extras sobre uma determinada legislatura da Câmara,GET,https://dadosabertos.camara.leg.br/api/v2/legislaturas/{id},application/json; application/xml; text/xml,"[{""description"":""Número da legislatura da qual se quer os dados."",""in"":""path"",""name"":""id"",""required"":true,""schema"":{""type"":""integer"",""format"":""int64""}},{""in"":""header"",""name"":""Accept"",""schema"":{""type"":""string"",""enum"":[""application/json, application/xml""]}}]","{""$ref"":""#/components/schemas/ResultadoLegislaturasDetalhe""}",false,Nao declarada de forma uniforme na especificacao OpenAPI,Nao declarada de forma uniforme na especificacao OpenAPI,docs/chaves_relacionamentos.md (exploratorio),2026-10-09T13:52:33+00:00,https://dadosabertos.camara.leg.br/api/v2/api-docs,"Paginacao, filtros, autenticacao e limites devem ser interpretados pela especificacao; nao coletar sem escopo."
camara,api_endpoint,Partidos,Os partidos políticos que têm ou já tiveram parlamentares em exercício na Câmara,GET,https://dadosabertos.camara.leg.br/api/v2/partidos,application/json; application/xml; text/xml,"[{""description"":""Sigla de um ou mais partido(s), separadas por vírgulas."",""explode"":false,""in"":""query"",""name"":""sigla"",""required"":false,""schema"":{""type"":""array""},""style"":""form""},{""description"":""Número da(s) legislatura(s), separados por vírgulas, às quais os dados buscados devem corresponder."",""explode"":false,""in"":""query"",""name"":""idLegislatura"",""required"":false,""schema"":{""type"":""array""},""style"":""form""},{""description"":""Data de início de um intervalo de tempo, no formato `AAAA-MM-DD`."",""in"":""query"",""name"":""dataInicio"",""required"":false,""schema"":{""type"":""string""}},{""description"":""Data de término de um intervalo de tempo, no formato `AAAA-MM-DD`."",""in"":""query"",""name"":""dataFim"",""required"":false,""schema"":{""type"":""string""}},{""description"":""Número da página de resultados, a partir de 1, que se deseja obter com a requisição, contendo o número de itens definido pelo parâmetro itens. Se omitido, assume o valor 1."",""in"":""query"",""name"":""pagina"",""required"":false,""schema"":{""type"":""integer"",""format"":""int32""}},{""description"":""Número máximo de itens na página que se deseja obter com esta requisição."",""in"":""query"",""name"":""itens"",""required"":false,""schema"":{""type"":""integer"",""format"":""int32""}},{""description"":""O sentido da ordenação: `asc` para A a Z ou 0 a 9, e `desc` para Z a A ou 9 a 0."",""in"":""query"",""name"":""ordem"",""required"":false,""schema"":{""type"":""string"",""default"":""ASC""}},{""description"":""Nome do campo pelo qual a lista deve ser ordenada: `id`, `sigla`, `nome`, `dataInicio` ou `dataFim`"",""in"":""query"",""name"":""ordenarPor"",""required"":false,""schema"":{""type"":""string"",""default"":""sigla""}},{""in"":""header"",""name"":""Accept"",""schema"":{""type"":""string"",""enum"":[""application/json, application/xml""]}}]","{""$ref"":""#/components/schemas/ResultadoPartidos""}",false,Nao declarada de forma uniforme na especificacao OpenAPI,Nao declarada de forma uniforme na especificacao OpenAPI,docs/chaves_relacionamentos.md (exploratorio),2026-10-09T13:52:33+00:00,https://dadosabertos.camara.leg.br/api/v2/api-docs,"Paginacao, filtros, autenticacao e limites devem ser interpretados pela especificacao; nao coletar sem escopo."
camara,api_endpoint,Partidos,Informações detalhadas sobre um partido,GET,https://dadosabertos.camara.leg.br/api/v2/partidos/{id},application/json; application/xml; text/xml,"[{""description"":""Id do Partido"",""in"":""path"",""name"":""id"",""required"":true,""schema"":{""type"":""integer"",""format"":""int64""}},{""in"":""header"",""name"":""Accept"",""schema"":{""type"":""string"",""enum"":[""application/json, application/xml""]}}]","{""$ref"":""#/components/schemas/ResultadoPartidosID""}",false,Nao declarada de forma uniforme na especificacao OpenAPI,Nao declarada de forma uniforme na especificacao OpenAPI,docs/chaves_relacionamentos.md (exploratorio),2026-10-09T13:52:33+00:00,https://dadosabertos.camara.leg.br/api/v2/api-docs,"Paginacao, filtros, autenticacao e limites devem ser interpretados pela especificacao; nao coletar sem escopo."
camara,api_endpoint,Partidos,Uma lista dos parlamentares de um partido durante um período,GET,https://dadosabertos.camara.leg.br/api/v2/partidos/{id}/membros,application/json; application/xml; text/xml,"[{""description"":""Id do Partido"",""in"":""path"",""name"":""id"",""required"":true,""schema"":{""type"":""integer"",""format"":""int64""}},{""description"":""Data de início de um intervalo de tempo, no formato `AAAA-MM-DD`."",""in"":""query"",""name"":""dataInicio"",""required"":false,""schema"":{""type"":""string""}},{""description"":""Data de término de um intervalo de tempo, no formato `AAAA-MM-DD`."",""in"":""query"",""name"":""dataFim"",""required"":false,""schema"":{""type"":""string""}},{""description"":""Número da(s) legislatura(s), separados por vírgulas, às quais os dados buscados devem corresponder."",""in"":""query"",""name"":""idLegislatura"",""required"":false,""schema"":{""uniqueItems"":true,""type"":""array"",""items"":{""type"":""integer"",""format"":""int64""}}},{""description"":""Nome do campo pelo qual a lista será ordenada: `id`, `nome`, `siglaUf`"",""in"":""query"",""name"":""ordenarPor"",""required"":false,""schema"":{""type"":""string""}},{""description"":""O sentido da ordenação: `asc` para A a Z ou 0 a 9, e `desc` para Z a A ou 9 a 0."",""in"":""query"",""name"":""ordem"",""required"":false,""schema"":{""type"":""string""}},{""description"":""Número máximo de itens na página que se deseja obter com esta requisição."",""in"":""query"",""name"":""itens"",""required"":false,""schema"":{""type"":""integer"",""format"":""int32""}},{""description"":""Número da página de resultados, a partir de 1, que se deseja obter com a requisição, contendo o número de itens definido pelo parâmetro itens. Se omitido, assume o valor 1."",""in"":""query"",""name"":""pagina"",""required"":false,""schema"":{""type"":""integer"",""format"":""int32""}},{""in"":""header"",""name"":""Accept"",""schema"":{""type"":""string"",""enum"":[""application/json, application/xml""]}}]","{""$ref"":""#/components/schemas/ResultadoPartidosIDMembros""}",false,Nao declarada de forma uniforme na especificacao OpenAPI,Nao declarada de forma uniforme na especificacao OpenAPI,docs/chaves_relacionamentos.md (exploratorio),2026-10-09T13:52:33+00:00,https://dadosabertos.camara.leg.br/api/v2/api-docs,"Paginacao, filtros, autenticacao e limites devem ser interpretados pela especificacao; nao coletar sem escopo."
camara,api_endpoint,Partidos; Lideres,Deputados que são ou foram líderes ou vice-líderes de um partido,GET,https://dadosabertos.camara.leg.br/api/v2/partidos/{id}/lideres,application/json; application/xml; text/xml,"[{""description"":""ID do partido do qual se deseja os dados."",""in"":""path"",""name"":""id"",""required"":true,""schema"":{""type"":""integer"",""format"":""int64""}},{""description"":""Número da página de resultados, a partir de 1, que se deseja obter com a requisição, contendo o número de itens definido pelo parâmetro itens. Se omitido, assume o valor 1."",""in"":""query"",""name"":""pagina"",""required"":false,""schema"":{""type"":""integer"",""format"":""int32""}},{""description"":""Número máximo de itens na página que se deseja obter com esta requisição."",""in"":""query"",""name"":""itens"",""required"":false,""schema"":{""type"":""integer"",""format"":""int32""}},{""in"":""header"",""name"":""Accept"",""schema"":{""type"":""string"",""enum"":[""application/json, application/xml""]}}]","{""$ref"":""#/components/schemas/ResultadoPartidosIDLideresVice""}",false,Nao declarada de forma uniforme na especificacao OpenAPI,Nao declarada de forma uniforme na especificacao OpenAPI,docs/chaves_relacionamentos.md (exploratorio),2026-10-09T13:52:33+00:00,https://dadosabertos.camara.leg.br/api/v2/api-docs,"Paginacao, filtros, autenticacao e limites devem ser interpretados pela especificacao; nao coletar sem escopo."
camara,api_endpoint,Proposições,Lista configurável de proposições na Câmara,GET,https://dadosabertos.camara.leg.br/api/v2/proposicoes,application/json; application/xml; text/xml,"[{""description"":""Número(s) identificador(es) de uma ou mais proposições no **Dados Abertos**, separados por vírgulas."",""explode"":false,""in"":""query"",""name"":""id"",""required"":false,""schema"":{""type"":""array""},""style"":""form""},{""description"":""Uma ou mais sigla(s) separadas por vírgulas do(s) tipo(s) das proposições que se deseja obter. A lista de tipos e siglas existentes pode ser obtida em `/referencias/proposicoes/siglaTipo`"",""explode"":false,""in"":""query"",""name"":""siglaTipo"",""required"":false,""schema"":{""type"":""array""},""style"":""form""},{""description"":""Um ou mais número(s), separados por vírgula, oficialmente atribuídos às proposições segundo o art. 137 do Regimento Interno, como \""PL **1234**/2016\"""",""explode"":false,""in"":""query"",""name"":""numero"",""required"":false,""schema"":{""type"":""array""},""style"":""form""},{""description"":""Um ou mais ano(s) de apresentação das proposições que serão listadas, separados por vírgulas, no formato `AAAA`"",""explode"":false,""in"":""query"",""name"":""ano"",""required"":false,""schema"":{""type"":""array""},""style"":""form""},{""description"":""Um ou mais código(s) numérico(s) de tipo específico de proposição, separados por vírgula. A lista de códigos existentes pode ser obtida em `/referencias/proposicoes/siglaTipo`."",""explode"":false,""in"":""query"",""name"":""codTipo"",""required"":false,""schema"":{""type"":""array""},""style"":""form""},{""description"":""Um ou mais números identificador(es), separados por vírgula, do(s) deputado(s) autor(es) das proposições que serão listadas. Cada número deve ser o identificador exclusivo de um parlamentar no **Dados Abertos**"",""explode"":false,""in"":""query"",""name"":""idDeputadoAutor"",""required"":false,""schema"":{""type"":""array""},""style"":""form""},{""description"":""Nome ou parte do nome do(s) autor(es) das proposições que se deseja obter. Deve estar entre aspas"",""in"":""query"",""name"":""autor"",""required"":false,""schema"":{""type"":""string""}},{""description"":""Uma ou mais sigla(s) separadas por vírgulas do(s) partido(s) a que pertençam os autores das proposições a serem listadas"",""explode"":false,""in"":""query"",""name"":""siglaPartidoAutor"",""required"":false,""schema"":{""type"":""array""},""style"":""form""},{""description"":""Identificador numérico no **Dados Abertos** do partido a que pertençam os autores das proposições que serão listadas. Esses identificadores podem ser obtidos em `/partidos` e são mais precisos do que as siglas, que podem ser usadas por partidos diferentes em épocas diferentes"",""in"":""query"",""name"":""idPartidoAutor"",""required"":false,""schema"":{""type"":""integer"",""format"":""int64""}},{""description"":""Uma ou mais sigla(s) de unidade(s) da federação (estados e Distrito Federal) pela(s) qual(quais) o(s) autor(es) das proposições selecionadas tenha(m) sido eleito(s)"",""explode"":false,""in"":""query"",""name"":""siglaUfAutor"",""required"":false,""schema"":{""type"":""array""},""style"":""form""},{""description"":""Uma ou mais palavras chaves sobre o tema a que a proposição se relaciona"",""explode"":false,""in"":""query"",""name"":""keywords"",""required"":false,""schema"":{""type"":""array""},""style"":""form""},{""description"":""Indicador booleano, com valor `TRUE` ou `FALSE` para trazer apenas proposições que já tenha tramitado no Senado"",""in"":""query"",""name"":""tramitacaoSenado"",""required"":false,""schema"":{""type"":""boolean""}},{""description"":""Data do início do intervalo de tempo em que tenha havido tramitação das proposições a serem listadas, no formato `AAAA-MM-DD`. Se omitido, é assumido como a data de 30 dias anteriores à proposição"",""in"":""query"",""name"":""dataInicio"",""required"":false,""schema"":{""type"":""string"",""format"":""date-time""}},{""description"":""Data do fim do intervalo de tempo em que tenha havido tramitação das proposições a serem listadas. Se omitido, é considerado ser o dia em que é feita a requisição"",""in"":""query"",""name"":""dataFim"",""required"":false,""schema"":{""type"":""string"",""format"":""date-time""}},{""description"":""Data do início do intervalo de tempo em que tenham sido apresentadas as proposições a serem listadas, no formato `AAAA-MM-DD`"",""in"":""query"",""name"":""dataApresentacaoInicio"",""required"":false,""schema"":{""type"":""string"",""format"":""date-time""}},{""description"":""Data do fim do intervalo de tempo em que tenham sido apresentadas as proposições a serem listadas"",""in"":""query"",""name"":""dataApresentacaoFim"",""required"":false,""schema"":{""type"":""string"",""format"":""date-time""}},{""description"":""Código(s) numérico(s), separados por vírgulas, do tipo de situação em que se encontram as proposições que serão listadas. As situações possíveis podem ser obtidas em `/referencias/proposicoes/codSituacao`. **Atenção:** este parâmetro pode apresentar resultados inesperados, por problemas com o registro dos dados."",""explode"":false,""in"":""query"",""name"":""codSituacao"",""required"":false,""schema"":{""type"":""array""},""style"":""form""},{""description"":""Código(s) numérico(s), separados por vírgulas, das áreas temáticas das proposições que serão listadas. Os temas possíveis podem ser obtidos em `/referencias/proposicoes/codTema`"",""explode"":false,""in"":""query"",""name"":""codTema"",""required"":false,""schema"":{""type"":""array""},""style"":""form""},{""description"":""Número da página de resultados, a partir de 1, que se deseja obter com a requisição, contendo o número de itens definido pelo parâmetro itens. Se omitido, assume o valor 1."",""in"":""query"",""name"":""pagina"",""required"":false,""schema"":{""type"":""integer"",""format"":""int32""}},{""description"":""Número máximo de itens na página que se deseja obter com esta requisição."",""in"":""query"",""name"":""itens"",""required"":false,""schema"":{""type"":""integer"",""format"":""int32""}},{""description"":""O sentido da ordenação: `asc` para A a Z ou 0 a 9, e `desc` para Z a A ou 9 a 0."",""in"":""query"",""name"":""ordem"",""required"":false,""schema"":{""type"":""string"",""default"":""ASC""}},{""description"":""Nome do campo pelo qual a lista deve ser ordenada: `id`, `codTipo`, `siglaTipo`, `numero` ou `ano`"",""in"":""query"",""name"":""ordenarPor"",""required"":false,""schema"":{""type"":""string"",""default"":""id""}},{""in"":""header"",""name"":""Accept"",""schema"":{""type"":""string"",""enum"":[""application/json, application/xml""]}}]","{""$ref"":""#/components/schemas/ResultadoProposicoes""}",false,Nao declarada de forma uniforme na especificacao OpenAPI,Nao declarada de forma uniforme na especificacao OpenAPI,docs/chaves_relacionamentos.md (exploratorio),2026-10-09T13:52:33+00:00,https://dadosabertos.camara.leg.br/api/v2/api-docs,"Paginacao, filtros, autenticacao e limites devem ser interpretados pela especificacao; nao coletar sem escopo."
camara,api_endpoint,Proposições,Informações detalhadas sobre uma proposição específica,GET,https://dadosabertos.camara.leg.br/api/v2/proposicoes/{id},application/json; application/xml; text/xml,"[{""description"":""Identificador numérico da proposição"",""in"":""path"",""name"":""id"",""required"":true,""schema"":{""type"":""integer"",""format"":""int64""}},{""in"":""header"",""name"":""Accept"",""schema"":{""type"":""string"",""enum"":[""application/json, application/xml""]}}]","{""type"":""object""}",false,Nao declarada de forma uniforme na especificacao OpenAPI,Nao declarada de forma uniforme na especificacao OpenAPI,docs/chaves_relacionamentos.md (exploratorio),2026-10-09T13:52:33+00:00,https://dadosabertos.camara.leg.br/api/v2/api-docs,"Paginacao, filtros, autenticacao e limites devem ser interpretados pela especificacao; nao coletar sem escopo."
camara,api_endpoint,Proposições,Lista pessoas e/ou entidades autoras de uma proposição,GET,https://dadosabertos.camara.leg.br/api/v2/proposicoes/{id}/autores,application/json; application/xml; text/xml,"[{""description"":""Identificador alfanumérico da entidade"",""in"":""path"",""name"":""id"",""required"":true,""schema"":{""type"":""integer"",""format"":""int64""}},{""in"":""header"",""name"":""Accept"",""schema"":{""type"":""string"",""enum"":[""application/json, application/xml""]}}]","{""$ref"":""#/components/schemas/ResultadoProposicoesAutores""}",false,Nao declarada de forma uniforme na especificacao OpenAPI,Nao declarada de forma uniforme na especificacao OpenAPI,docs/chaves_relacionamentos.md (exploratorio),2026-10-09T13:52:33+00:00,https://dadosabertos.camara.leg.br/api/v2/api-docs,"Paginacao, filtros, autenticacao e limites devem ser interpretados pela especificacao; nao coletar sem escopo."
camara,api_endpoint,Proposições,Uma lista de proposições relacionadas a uma em especial,GET,https://dadosabertos.camara.leg.br/api/v2/proposicoes/{id}/relacionadas,application/json; application/xml; text/xml,"[{""description"":""Id da proposição"",""in"":""path"",""name"":""id"",""required"":true,""schema"":{""type"":""integer"",""format"":""int64""}},{""in"":""header"",""name"":""Accept"",""schema"":{""type"":""string"",""enum"":[""application/json, application/xml""]}}]","{""$ref"":""#/components/schemas/ResultadoProposicoesRelacionadas""}",false,Nao declarada de forma uniforme na especificacao OpenAPI,Nao declarada de forma uniforme na especificacao OpenAPI,docs/chaves_relacionamentos.md (exploratorio),2026-10-09T13:52:33+00:00,https://dadosabertos.camara.leg.br/api/v2/api-docs,"Paginacao, filtros, autenticacao e limites devem ser interpretados pela especificacao; nao coletar sem escopo."
camara,api_endpoint,Proposições,Lista de áreas temáticas de uma proposição,GET,https://dadosabertos.camara.leg.br/api/v2/proposicoes/{id}/temas,application/json; application/xml; text/xml,"[{""description"":""Id da proposição"",""in"":""path"",""name"":""id"",""required"":true,""schema"":{""type"":""integer"",""format"":""int64""}},{""in"":""header"",""name"":""Accept"",""schema"":{""type"":""string"",""enum"":[""application/json, application/xml""]}}]","{""$ref"":""#/components/schemas/ResultadoProposicoesTema""}",false,Nao declarada de forma uniforme na especificacao OpenAPI,Nao declarada de forma uniforme na especificacao OpenAPI,docs/chaves_relacionamentos.md (exploratorio),2026-10-09T13:52:33+00:00,https://dadosabertos.camara.leg.br/api/v2/api-docs,"Paginacao, filtros, autenticacao e limites devem ser interpretados pela especificacao; nao coletar sem escopo."
camara,api_endpoint,Proposições,O histórico de passos na tramitação de uma proposta,GET,https://dadosabertos.camara.leg.br/api/v2/proposicoes/{id}/tramitacoes,application/json; application/xml; text/xml,"[{""description"":""Identificador numérico da proposição"",""in"":""path"",""name"":""id"",""required"":true,""schema"":{""type"":""integer"",""format"":""int64""}},{""description"":""Data do início da tramitação, no formato `AAAA-MM-DD`."",""in"":""query"",""name"":""dataInicio"",""required"":false,""schema"":{""type"":""string""}},{""description"":""Data do fim da tramitação"",""in"":""query"",""name"":""dataFim"",""required"":false,""schema"":{""type"":""string""}},{""in"":""header"",""name"":""Accept"",""schema"":{""type"":""string"",""enum"":[""application/json, application/xml""]}}]","{""$ref"":""#/components/schemas/ResultadoFrentes""}",false,Nao declarada de forma uniforme na especificacao OpenAPI,Nao declarada de forma uniforme na especificacao OpenAPI,docs/chaves_relacionamentos.md (exploratorio),2026-10-09T13:52:33+00:00,https://dadosabertos.camara.leg.br/api/v2/api-docs,"Paginacao, filtros, autenticacao e limites devem ser interpretados pela especificacao; nao coletar sem escopo."
camara,api_endpoint,Proposições,Informações detalhadas de votações sobre uma proposição específica,GET,https://dadosabertos.camara.leg.br/api/v2/proposicoes/{id}/votacoes,application/json; application/xml; text/xml,"[{""description"":""O sentido da ordenação: `asc` para A a Z ou 0 a 9, e `desc` para Z a A ou 9 a 0."",""in"":""query"",""name"":""ordem"",""required"":false,""schema"":{""type"":""string"",""default"":""DESC""}},{""description"":""Nome do campo pelo qual a lista será ordenada: `id`, `dataHoraRegistro`"",""in"":""query"",""name"":""ordenarPor"",""required"":false,""schema"":{""type"":""string"",""default"":""dataHoraRegistro""}},{""description"":""Identificador numérico da proposição"",""in"":""path"",""name"":""id"",""required"":true,""schema"":{""type"":""integer"",""format"":""int64""}},{""in"":""header"",""name"":""Accept"",""schema"":{""type"":""string"",""enum"":[""application/json, application/xml""]}}]","{""$ref"":""#/components/schemas/ResultadoVotacoes""}",false,Nao declarada de forma uniforme na especificacao OpenAPI,Nao declarada de forma uniforme na especificacao OpenAPI,docs/chaves_relacionamentos.md (exploratorio),2026-10-09T13:52:33+00:00,https://dadosabertos.camara.leg.br/api/v2/api-docs,"Paginacao, filtros, autenticacao e limites devem ser interpretados pela especificacao; nao coletar sem escopo."
camara,api_endpoint,Referências,Valores válidos para parâmetros do endpoint `/deputados`,GET,https://dadosabertos.camara.leg.br/api/v2/referencias/deputados,application/json; application/xml; text/xml,[],"{""$ref"":""#/components/schemas/ReferenciaDeputado""}",false,Nao declarada de forma uniforme na especificacao OpenAPI,Nao declarada de forma uniforme na especificacao OpenAPI,docs/chaves_relacionamentos.md (exploratorio),2026-10-09T13:52:33+00:00,https://dadosabertos.camara.leg.br/api/v2/api-docs,"Paginacao, filtros, autenticacao e limites devem ser interpretados pela especificacao; nao coletar sem escopo."
camara,api_endpoint,Referências,Códigos e títulos de atividades profissionais usados na Câmara,GET,https://dadosabertos.camara.leg.br/api/v2/referencias/deputados/codTipoProfissao,application/json; application/xml; text/xml,[],"{""$ref"":""#/components/schemas/ResultadoReferencias""}",false,Nao declarada de forma uniforme na especificacao OpenAPI,Nao declarada de forma uniforme na especificacao OpenAPI,docs/chaves_relacionamentos.md (exploratorio),2026-10-09T13:52:33+00:00,https://dadosabertos.camara.leg.br/api/v2/api-docs,"Paginacao, filtros, autenticacao e limites devem ser interpretados pela especificacao; nao coletar sem escopo."
camara,api_endpoint,Referências,As siglas e nomes dos estados e do Distrito Federal,GET,https://dadosabertos.camara.leg.br/api/v2/referencias/deputados/siglaUF,application/json; application/xml; text/xml,[],"{""$ref"":""#/components/schemas/ResultadoReferencias""}",false,Nao declarada de forma uniforme na especificacao OpenAPI,Nao declarada de forma uniforme na especificacao OpenAPI,docs/chaves_relacionamentos.md (exploratorio),2026-10-09T13:52:33+00:00,https://dadosabertos.camara.leg.br/api/v2/api-docs,"Paginacao, filtros, autenticacao e limites devem ser interpretados pela especificacao; nao coletar sem escopo."
camara,api_endpoint,Referências,Os possíveis tipos de despesas que fazem parte da Cota Parlamentar,GET,https://dadosabertos.camara.leg.br/api/v2/referencias/deputados/tipoDespesa,application/json; application/xml; text/xml,[],"{""$ref"":""#/components/schemas/ResultadoReferencias""}",false,Nao declarada de forma uniforme na especificacao OpenAPI,Nao declarada de forma uniforme na especificacao OpenAPI,docs/chaves_relacionamentos.md (exploratorio),2026-10-09T13:52:33+00:00,https://dadosabertos.camara.leg.br/api/v2/api-docs,"Paginacao, filtros, autenticacao e limites devem ser interpretados pela especificacao; nao coletar sem escopo."
camara,api_endpoint,Referências,Valores válidos para parâmetros do endpoint `/eventos`,GET,https://dadosabertos.camara.leg.br/api/v2/referencias/eventos,application/json; application/xml; text/xml,[],"{""$ref"":""#/components/schemas/ReferenciaEvento""}",false,Nao declarada de forma uniforme na especificacao OpenAPI,Nao declarada de forma uniforme na especificacao OpenAPI,docs/chaves_relacionamentos.md (exploratorio),2026-10-09T13:52:33+00:00,https://dadosabertos.camara.leg.br/api/v2/api-docs,"Paginacao, filtros, autenticacao e limites devem ser interpretados pela especificacao; nao coletar sem escopo."
camara,api_endpoint,Referências,Valores válidos para parâmetros do endpoint sobre órgãos,GET,https://dadosabertos.camara.leg.br/api/v2/referencias/orgaos,application/json; application/xml; text/xml,[],"{""$ref"":""#/components/schemas/ReferenciaOrgao""}",false,Nao declarada de forma uniforme na especificacao OpenAPI,Nao declarada de forma uniforme na especificacao OpenAPI,docs/chaves_relacionamentos.md (exploratorio),2026-10-09T13:52:33+00:00,https://dadosabertos.camara.leg.br/api/v2/api-docs,"Paginacao, filtros, autenticacao e limites devem ser interpretados pela especificacao; nao coletar sem escopo."
camara,api_endpoint,Referências,Os tipos de órgãos que existem na Câmara,GET,https://dadosabertos.camara.leg.br/api/v2/referencias/orgaos/codTipoOrgao,application/json; application/xml; text/xml,[],"{""$ref"":""#/components/schemas/ResultadoReferencias""}",false,Nao declarada de forma uniforme na especificacao OpenAPI,Nao declarada de forma uniforme na especificacao OpenAPI,docs/chaves_relacionamentos.md (exploratorio),2026-10-09T13:52:33+00:00,https://dadosabertos.camara.leg.br/api/v2/api-docs,"Paginacao, filtros, autenticacao e limites devem ser interpretados pela especificacao; nao coletar sem escopo."
camara,api_endpoint,Referências,Valores válidos para parâmetros do endpoint sobre órgãos,GET,https://dadosabertos.camara.leg.br/api/v2/referencias/proposicoes,application/json; application/xml; text/xml,[],"{""$ref"":""#/components/schemas/ReferenciaProposicao""}",false,Nao declarada de forma uniforme na especificacao OpenAPI,Nao declarada de forma uniforme na especificacao OpenAPI,docs/chaves_relacionamentos.md (exploratorio),2026-10-09T13:52:33+00:00,https://dadosabertos.camara.leg.br/api/v2/api-docs,"Paginacao, filtros, autenticacao e limites devem ser interpretados pela especificacao; nao coletar sem escopo."
camara,api_endpoint,Referências,Os tipos de órgãos que existem na Câmara,GET,https://dadosabertos.camara.leg.br/api/v2/referencias/tiposOrgao,application/json; application/xml; text/xml,[],"{""$ref"":""#/components/schemas/ResultadoReferencias""}",false,Nao declarada de forma uniforme na especificacao OpenAPI,Nao declarada de forma uniforme na especificacao OpenAPI,docs/chaves_relacionamentos.md (exploratorio),2026-10-09T13:52:33+00:00,https://dadosabertos.camara.leg.br/api/v2/api-docs,"Paginacao, filtros, autenticacao e limites devem ser interpretados pela especificacao; nao coletar sem escopo."
camara,api_endpoint,Referências,As siglas e nomes dos estados e do Distrito Federal,GET,https://dadosabertos.camara.leg.br/api/v2/referencias/uf,application/json; application/xml; text/xml,[],"{""$ref"":""#/components/schemas/ResultadoReferencias""}",false,Nao declarada de forma uniforme na especificacao OpenAPI,Nao declarada de forma uniforme na especificacao OpenAPI,docs/chaves_relacionamentos.md (exploratorio),2026-10-09T13:52:33+00:00,https://dadosabertos.camara.leg.br/api/v2/api-docs,"Paginacao, filtros, autenticacao e limites devem ser interpretados pela especificacao; nao coletar sem escopo."
camara,api_endpoint,Referências; Proposições,Os possíveis estados de tramitação de uma proposição,GET,https://dadosabertos.camara.leg.br/api/v2/referencias/proposicoes/codSituacao,application/json; application/xml; text/xml,[],"{""$ref"":""#/components/schemas/ResultadoReferencias""}",false,Nao declarada de forma uniforme na especificacao OpenAPI,Nao declarada de forma uniforme na especificacao OpenAPI,docs/chaves_relacionamentos.md (exploratorio),2026-10-09T13:52:33+00:00,https://dadosabertos.camara.leg.br/api/v2/api-docs,"Paginacao, filtros, autenticacao e limites devem ser interpretados pela especificacao; nao coletar sem escopo."
camara,api_endpoint,Referências; Proposições,Os vários tipos de temas existentes,GET,https://dadosabertos.camara.leg.br/api/v2/referencias/proposicoes/codTema,application/json; application/xml; text/xml,[],"{""$ref"":""#/components/schemas/ResultadoEventos""}",false,Nao declarada de forma uniforme na especificacao OpenAPI,Nao declarada de forma uniforme na especificacao OpenAPI,docs/chaves_relacionamentos.md (exploratorio),2026-10-09T13:52:33+00:00,https://dadosabertos.camara.leg.br/api/v2/api-docs,"Paginacao, filtros, autenticacao e limites devem ser interpretados pela especificacao; nao coletar sem escopo."
camara,api_endpoint,Referências; Proposições,Entidades que podem ser autoras de proposições,GET,https://dadosabertos.camara.leg.br/api/v2/referencias/proposicoes/codTipoAutor,application/json; application/xml; text/xml,[],"{""$ref"":""#/components/schemas/ResultadoReferencias""}",false,Nao declarada de forma uniforme na especificacao OpenAPI,Nao declarada de forma uniforme na especificacao OpenAPI,docs/chaves_relacionamentos.md (exploratorio),2026-10-09T13:52:33+00:00,https://dadosabertos.camara.leg.br/api/v2/api-docs,"Paginacao, filtros, autenticacao e limites devem ser interpretados pela especificacao; nao coletar sem escopo."
camara,api_endpoint,Referências; Proposições,Os vários tipos de tramitação existentes,GET,https://dadosabertos.camara.leg.br/api/v2/referencias/proposicoes/codTipoTramitacao,application/json; application/xml; text/xml,[],"{""$ref"":""#/components/schemas/ResultadoEventos""}",false,Nao declarada de forma uniforme na especificacao OpenAPI,Nao declarada de forma uniforme na especificacao OpenAPI,docs/chaves_relacionamentos.md (exploratorio),2026-10-09T13:52:33+00:00,https://dadosabertos.camara.leg.br/api/v2/api-docs,"Paginacao, filtros, autenticacao e limites devem ser interpretados pela especificacao; nao coletar sem escopo."
camara,api_endpoint,Referências; Proposições,Os vários tipos de proposições existentes,GET,https://dadosabertos.camara.leg.br/api/v2/referencias/proposicoes/siglaTipo,application/json; application/xml; text/xml,[],"{""$ref"":""#/components/schemas/ResultadoEventos""}",false,Nao declarada de forma uniforme na especificacao OpenAPI,Nao declarada de forma uniforme na especificacao OpenAPI,docs/chaves_relacionamentos.md (exploratorio),2026-10-09T13:52:33+00:00,https://dadosabertos.camara.leg.br/api/v2/api-docs,"Paginacao, filtros, autenticacao e limites devem ser interpretados pela especificacao; nao coletar sem escopo."
camara,api_endpoint,Referências; Proposições,Os possíveis estados de tramitação de uma proposição,GET,https://dadosabertos.camara.leg.br/api/v2/referencias/situacoesProposicao,application/json; application/xml; text/xml,[],"{""$ref"":""#/components/schemas/ResultadoReferencias""}",false,Nao declarada de forma uniforme na especificacao OpenAPI,Nao declarada de forma uniforme na especificacao OpenAPI,docs/chaves_relacionamentos.md (exploratorio),2026-10-09T13:52:33+00:00,https://dadosabertos.camara.leg.br/api/v2/api-docs,"Paginacao, filtros, autenticacao e limites devem ser interpretados pela especificacao; nao coletar sem escopo."
camara,api_endpoint,Referências; Proposições,Entidades que podem ser autoras de proposições,GET,https://dadosabertos.camara.leg.br/api/v2/referencias/tiposAutor,application/json; application/xml; text/xml,[],"{""$ref"":""#/components/schemas/ResultadoReferencias""}",false,Nao declarada de forma uniforme na especificacao OpenAPI,Nao declarada de forma uniforme na especificacao OpenAPI,docs/chaves_relacionamentos.md (exploratorio),2026-10-09T13:52:33+00:00,https://dadosabertos.camara.leg.br/api/v2/api-docs,"Paginacao, filtros, autenticacao e limites devem ser interpretados pela especificacao; nao coletar sem escopo."
camara,api_endpoint,Referências; Proposições,Os vários tipos de proposições existentes,GET,https://dadosabertos.camara.leg.br/api/v2/referencias/tiposProposicao,application/json; application/xml; text/xml,[],"{""$ref"":""#/components/schemas/ResultadoEventos""}",false,Nao declarada de forma uniforme na especificacao OpenAPI,Nao declarada de forma uniforme na especificacao OpenAPI,docs/chaves_relacionamentos.md (exploratorio),2026-10-09T13:52:33+00:00,https://dadosabertos.camara.leg.br/api/v2/api-docs,"Paginacao, filtros, autenticacao e limites devem ser interpretados pela especificacao; nao coletar sem escopo."
camara,api_endpoint,Referências; Proposições,Os vários tipos de tramitação existentes,GET,https://dadosabertos.camara.leg.br/api/v2/referencias/tiposTramitacao,application/json; application/xml; text/xml,[],"{""$ref"":""#/components/schemas/ResultadoEventos""}",false,Nao declarada de forma uniforme na especificacao OpenAPI,Nao declarada de forma uniforme na especificacao OpenAPI,docs/chaves_relacionamentos.md (exploratorio),2026-10-09T13:52:33+00:00,https://dadosabertos.camara.leg.br/api/v2/api-docs,"Paginacao, filtros, autenticacao e limites devem ser interpretados pela especificacao; nao coletar sem escopo."
camara,api_endpoint,Votações,Lista das votações da Câmara,GET,https://dadosabertos.camara.leg.br/api/v2/votacoes,application/json; application/xml; text/xml,"[{""description"":""Um ou mais identificador(es) alfanuméricos de votação, separados por vírgulas, para que seja(m) listado(s) dados sobre uma ou mais votações específicas."",""explode"":false,""in"":""query"",""name"":""id"",""required"":false,""schema"":{""type"":""array""},""style"":""form""},{""description"":""Um ou mais identificador(es) numéricos de proposições, que podem ser obtidos por meio do recurso `/proposicoes`. Se presente, listará as votações que tiveram a(s) proposição(ções) como objeto de votação ou que afetaram as proposições listadas."",""explode"":false,""in"":""query"",""name"":""idProposicao"",""required"":false,""schema"":{""type"":""array""},""style"":""form""},{""description"":""Identificador de um ou mais evento(s) realizado(s) na Câmara, separados por vírgula, nos quais tenham sido realizadas as votações a serem listadas. Os identificadores podem ser obtidos por meio do recurso `/eventos`. Somente os eventos deliberativos podem ter votações. Os eventos podem ter ocorrido fora do intervalo de tempo padrão ou definido por `dataInicio` e/ou `dataFim`."",""explode"":false,""in"":""query"",""name"":""idEvento"",""required"":false,""schema"":{""type"":""array""},""style"":""form""},{""description"":""Um ou mais identificador(es) numéricos de órgãos da Câmara, separados por vírgulas. Se presente, serão retornadas somente votações dos órgãos enumerados. Os identificadores existentes podem ser obtidos por meio do recurso `/orgaos`."",""explode"":false,""in"":""query"",""name"":""idOrgao"",""required"":false,""schema"":{""type"":""array""},""style"":""form""},{""description"":""Data em formato `AAAA-MM-DD` para início do intervalo de tempo no qual tenham sido realizadas as votações a serem listadas. Se usado sozinho, esse parâmetro faz com que sejam retornadas votações ocorridas dessa data até o fim do mesmo ano. Se usado com `dataFim`, as duas datas devem ser de um mesmo ano."",""in"":""query"",""name"":""dataInicio"",""required"":false,""schema"":{""type"":""string""}},{""description"":""Data em formato `AAAA-MM-DD` que define o fim do intervalo de tempo no qual tenham sido realizadas as votações a serem listadas. Se usado sozinho, esse parâmetro faz com que sejam retornadas todas as votações ocorridas desde 1º de janeiro do mesmo ano até esta data. Se usado com `dataInicio`, é preciso que as duas datas sejam de um mesmo ano."",""in"":""query"",""name"":""dataFim"",""required"":false,""schema"":{""type"":""string""}},{""description"":""Número da página de resultados, a partir de 1, que se deseja obter com a requisição, contendo o número de itens definido pelo parâmetro itens. Se omitido, assume o valor 1."",""in"":""query"",""name"":""pagina"",""required"":false,""schema"":{""type"":""integer"",""format"":""int32""}},{""description"":""Número máximo de itens na página que se deseja obter com esta requisição. O valor padrão e máximo para este endpoint é 100, e valores maiores serão ignorados."",""in"":""query"",""name"":""itens"",""required"":false,""schema"":{""type"":""integer"",""format"":""int32""}},{""description"":""O sentido da ordenação: `asc` para A a Z ou 0 a 9, e `desc` para Z a A ou 9 a 0."",""in"":""query"",""name"":""ordem"",""required"":false,""schema"":{""type"":""string"",""default"":""DESC""}},{""description"":""Nome do campo pelo qual a lista será ordenada. Pode ser `id`, `idOrgao`, `siglaOrgao`, `idEvento`, `idProposicao`, `data`, `dataHoraRegistro` ou `idProposicaoObjeto`."",""in"":""query"",""name"":""ordenarPor"",""required"":false,""schema"":{""type"":""string"",""default"":""dataHoraRegistro""}},{""in"":""header"",""name"":""Accept"",""schema"":{""type"":""string"",""enum"":[""application/json, application/xml""]}}]","{""$ref"":""#/components/schemas/ResultadoVotacoes""}",false,Nao declarada de forma uniforme na especificacao OpenAPI,Nao declarada de forma uniforme na especificacao OpenAPI,docs/chaves_relacionamentos.md (exploratorio),2026-10-09T13:52:33+00:00,https://dadosabertos.camara.leg.br/api/v2/api-docs,"Paginacao, filtros, autenticacao e limites devem ser interpretados pela especificacao; nao coletar sem escopo."
camara,api_endpoint,Votações,Informações detalhadas sobre uma votação da Câmara,GET,https://dadosabertos.camara.leg.br/api/v2/votacoes/{id},application/json; application/xml; text/xml,"[{""description"":""Identificador alfanumérico da votação"",""in"":""path"",""name"":""id"",""required"":true,""schema"":{""type"":""string""}},{""in"":""header"",""name"":""Accept"",""schema"":{""type"":""string"",""enum"":[""application/json, application/xml""]}}]","{""$ref"":""#/components/schemas/ResultadoVotacoesID""}",false,Nao declarada de forma uniforme na especificacao OpenAPI,Nao declarada de forma uniforme na especificacao OpenAPI,docs/chaves_relacionamentos.md (exploratorio),2026-10-09T13:52:33+00:00,https://dadosabertos.camara.leg.br/api/v2/api-docs,"Paginacao, filtros, autenticacao e limites devem ser interpretados pela especificacao; nao coletar sem escopo."
camara,api_endpoint,Votações,O voto recomendado pelas lideranças aos seus deputados em uma votação.,GET,https://dadosabertos.camara.leg.br/api/v2/votacoes/{id}/orientacoes,application/json; application/xml; text/xml,"[{""description"":""Identificador alfanumérico da votação"",""in"":""path"",""name"":""id"",""required"":true,""schema"":{""type"":""string""}},{""in"":""header"",""name"":""Accept"",""schema"":{""type"":""string"",""enum"":[""application/json, application/xml""]}}]","{""$ref"":""#/components/schemas/ResultadoVotacoesIDOrientacoes""}",false,Nao declarada de forma uniforme na especificacao OpenAPI,Nao declarada de forma uniforme na especificacao OpenAPI,docs/chaves_relacionamentos.md (exploratorio),2026-10-09T13:52:33+00:00,https://dadosabertos.camara.leg.br/api/v2/api-docs,"Paginacao, filtros, autenticacao e limites devem ser interpretados pela especificacao; nao coletar sem escopo."
camara,api_endpoint,Votações,Como cada parlamentar votou em uma votação nominal e aberta,GET,https://dadosabertos.camara.leg.br/api/v2/votacoes/{id}/votos,application/json; application/xml; text/xml,"[{""description"":""Identificador alfanumérico da votação"",""in"":""path"",""name"":""id"",""required"":true,""schema"":{""type"":""string""}},{""in"":""header"",""name"":""Accept"",""schema"":{""type"":""string"",""enum"":[""application/json, application/xml""]}}]","{""$ref"":""#/components/schemas/ResultadoVotacoesIDVotos""}",false,Nao declarada de forma uniforme na especificacao OpenAPI,Nao declarada de forma uniforme na especificacao OpenAPI,docs/chaves_relacionamentos.md (exploratorio),2026-10-09T13:52:33+00:00,https://dadosabertos.camara.leg.br/api/v2/api-docs,"Paginacao, filtros, autenticacao e limites devem ser interpretados pela especificacao; nao coletar sem escopo."
camara,api_endpoint,Órgãos,A lista das comissões e outros órgãos legislativos da Câmara,GET,https://dadosabertos.camara.leg.br/api/v2/orgaos,application/json; application/xml; text/xml,"[{""description"":""Um ou mais identificador(es) numérico(s), separados por vírgulas."",""explode"":false,""in"":""query"",""name"":""id"",""required"":false,""schema"":{""type"":""array""},""style"":""form""},{""description"":""Uma ou mais sigla(s) oficialmente usadas para designar um ou mais órgão(s) da Câmara, separadas por vírgulas."",""explode"":false,""in"":""query"",""name"":""sigla"",""required"":false,""schema"":{""type"":""array""},""style"":""form""},{""description"":""Um ou mais identificador(es) numérico(s) do(s) tipo(s) de órgãos que se deseja buscar dados. Pode(m) ser obtido(s) em `/referencias/orgaos/codTipoOrgao`."",""explode"":false,""in"":""query"",""name"":""codTipoOrgao"",""required"":false,""schema"":{""type"":""array""},""style"":""form""},{""description"":""Data de início, no formato `AAAA-MM-DD`, de um intervalo de tempo no qual os órgãos buscados devem ter estado em atividade."",""in"":""query"",""name"":""dataInicio"",""required"":false,""schema"":{""type"":""string""}},{""description"":""Data de término, no formato `AAAA-MM-DD`, de um intervalo de tempo no qual os órgãos buscados devem ter estado em atividade."",""in"":""query"",""name"":""dataFim"",""required"":false,""schema"":{""type"":""string""}},{""description"":""Número da página de resultados, a partir de 1, que se deseja obter com a requisição, contendo o número de itens definido pelo parâmetro itens. Se omitido, assume o valor 1."",""in"":""query"",""name"":""pagina"",""required"":false,""schema"":{""type"":""integer"",""format"":""int32""}},{""description"":""Número máximo de itens na página que se deseja obter com esta requisição."",""in"":""query"",""name"":""itens"",""required"":false,""schema"":{""type"":""integer"",""format"":""int32"",""default"":100}},{""description"":""O sentido da ordenação: `asc` para A a Z ou 0 a 9, e `desc` para Z a A ou 9 a 0."",""in"":""query"",""name"":""ordem"",""required"":false,""schema"":{""type"":""string"",""default"":""ASC""}},{""description"":""Nome do campo pelo qual a lista será ordenada: `id`, `sigla`, `nome`, `apelido`, `codTipoOrgao`, `tipoOrgao`, `dataInicio` ou `dataFim`"",""in"":""query"",""name"":""ordenarPor"",""required"":false,""schema"":{""type"":""string"",""default"":""id""}},{""in"":""header"",""name"":""Accept"",""schema"":{""type"":""string"",""enum"":[""application/json, application/xml""]}}]","{""$ref"":""#/components/schemas/ResultadoOrgaos""}",false,Nao declarada de forma uniforme na especificacao OpenAPI,Nao declarada de forma uniforme na especificacao OpenAPI,docs/chaves_relacionamentos.md (exploratorio),2026-10-09T13:52:33+00:00,https://dadosabertos.camara.leg.br/api/v2/api-docs,"Paginacao, filtros, autenticacao e limites devem ser interpretados pela especificacao; nao coletar sem escopo."
camara,api_endpoint,Órgãos,Informações detalhadas sobre um órgão da Câmara,GET,https://dadosabertos.camara.leg.br/api/v2/orgaos/{id},application/json; application/xml; text/xml,"[{""description"":""Identificador numérico do órgão"",""in"":""path"",""name"":""id"",""required"":true,""schema"":{""type"":""integer"",""format"":""int64""}},{""in"":""header"",""name"":""Accept"",""schema"":{""type"":""string"",""enum"":[""application/json, application/xml""]}}]","{""$ref"":""#/components/schemas/ResultadoOrgaoDetalhe""}",false,Nao declarada de forma uniforme na especificacao OpenAPI,Nao declarada de forma uniforme na especificacao OpenAPI,docs/chaves_relacionamentos.md (exploratorio),2026-10-09T13:52:33+00:00,https://dadosabertos.camara.leg.br/api/v2/api-docs,"Paginacao, filtros, autenticacao e limites devem ser interpretados pela especificacao; nao coletar sem escopo."
camara,api_endpoint,Órgãos,Os eventos ocorridos ou previstos em um órgão legislativo,GET,https://dadosabertos.camara.leg.br/api/v2/orgaos/{id}/eventos,application/json; application/xml; text/xml,"[{""description"":""Identificador numérico do órgão"",""in"":""path"",""name"":""id"",""required"":true,""schema"":{""type"":""integer"",""format"":""int64""}},{""description"":""Um ou mais identificador(es) numérico(s) de tipos de evento que se deseja obter. os valores válidos podem ser obtidos por uma requisição anterior a `/referencias/tiposEvento`."",""explode"":false,""in"":""query"",""name"":""idTipoEvento"",""required"":false,""schema"":{""type"":""array""},""style"":""form""},{""description"":""Data de início de um intervalo de tempo, no formato `AAAA-MM-DD`."",""in"":""query"",""name"":""dataInicio"",""required"":false,""schema"":{""type"":""string""}},{""description"":""Data de término de um intervalo de tempo, no formato `AAAA-MM-DD`."",""in"":""query"",""name"":""dataFim"",""required"":false,""schema"":{""type"":""string""}},{""description"":""Número da página de resultados, a partir de 1, que se deseja obter com a requisição, contendo o número de itens definido pelo parâmetro itens. Se omitido, assume o valor 1."",""in"":""query"",""name"":""pagina"",""required"":false,""schema"":{""type"":""integer"",""format"":""int32""}},{""description"":""Número máximo de itens na página que se deseja obter com esta requisição."",""in"":""query"",""name"":""itens"",""required"":false,""schema"":{""type"":""integer"",""format"":""int32""}},{""description"":""O sentido da ordenação: `asc` para A a Z ou 0 a 9, e `desc` para Z a A ou 9 a 0."",""in"":""query"",""name"":""ordem"",""required"":false,""schema"":{""type"":""string"",""default"":""ASC""}},{""description"":""Qual dos elementos da representação deverá ser usado para aplicar ordenação à lista."",""in"":""query"",""name"":""ordenarPor"",""required"":false,""schema"":{""type"":""string"",""default"":""dataHoraInicio""}},{""in"":""header"",""name"":""Accept"",""schema"":{""type"":""string"",""enum"":[""application/json, application/xml""]}}]","{""$ref"":""#/components/schemas/ResultadoOrgaoEventos""}",false,Nao declarada de forma uniforme na especificacao OpenAPI,Nao declarada de forma uniforme na especificacao OpenAPI,docs/chaves_relacionamentos.md (exploratorio),2026-10-09T13:52:33+00:00,https://dadosabertos.camara.leg.br/api/v2/api-docs,"Paginacao, filtros, autenticacao e limites devem ser interpretados pela especificacao; nao coletar sem escopo."
camara,api_endpoint,Órgãos,Lista de cargos de um órgão e parlamentares que os ocupam.,GET,https://dadosabertos.camara.leg.br/api/v2/orgaos/{id}/membros,application/json; application/xml; text/xml,"[{""description"":""Identificador numérico do órgão"",""in"":""path"",""name"":""id"",""required"":true,""schema"":{""type"":""integer"",""format"":""int64""}},{""description"":""Data de início de um intervalo de tempo, no formato AAAA-MM-DD."",""in"":""query"",""name"":""dataInicio"",""required"":false,""schema"":{""type"":""string""}},{""description"":""Data de término de um intervalo de tempo, no formato AAAA-MM-DD."",""in"":""query"",""name"":""dataFim"",""required"":false,""schema"":{""type"":""string""}},{""description"":""Número da página de resultados, a partir de 1, que se deseja obter com a requisição, contendo o número de itens definido pelo parâmetro itens. Se omitido, assume o valor 1."",""in"":""query"",""name"":""pagina"",""required"":false,""schema"":{""type"":""integer"",""format"":""int32""}},{""description"":""Número máximo de itens na página que se deseja obter com esta requisição."",""in"":""query"",""name"":""itens"",""required"":false,""schema"":{""type"":""integer"",""format"":""int32""}},{""in"":""header"",""name"":""Accept"",""schema"":{""type"":""string"",""enum"":[""application/json, application/xml""]}}]","{""$ref"":""#/components/schemas/ResultadoOrgaoMembros""}",false,Nao declarada de forma uniforme na especificacao OpenAPI,Nao declarada de forma uniforme na especificacao OpenAPI,docs/chaves_relacionamentos.md (exploratorio),2026-10-09T13:52:33+00:00,https://dadosabertos.camara.leg.br/api/v2/api-docs,"Paginacao, filtros, autenticacao e limites devem ser interpretados pela especificacao; nao coletar sem escopo."
camara,api_endpoint,Órgãos,Informações detalhadas sobre votações de um órgão da Câmara,GET,https://dadosabertos.camara.leg.br/api/v2/orgaos/{id}/votacoes,application/json; application/xml; text/xml,"[{""description"":""Identificador numérico do órgão"",""in"":""path"",""name"":""id"",""required"":true,""schema"":{""type"":""integer"",""format"":""int64""}},{""description"":""Um ou mais identificador(es) numéricos de proposições, que podem ser obtidos por meio do recurso `/proposicoes`. Se presente, listará as votações que tiveram a(s) proposição(ções) como objeto de votação ou que afetaram as proposições listadas."",""explode"":false,""in"":""query"",""name"":""idProposicao"",""required"":false,""schema"":{""type"":""array""},""style"":""form""},{""description"":""Data em formato `AAAA-MM-DD` para início do intervalo de tempo no qual tenham sido realizadas as votações a serem listadas. Se usado sozinho, esse parâmetro faz com que sejam retornadas votações ocorridas dessa data até o fim do mesmo ano. Se usado com `dataFim`, as duas datas devem ser de um mesmo ano."",""in"":""query"",""name"":""dataInicio"",""required"":false,""schema"":{""type"":""string""}},{""description"":""Data em formato `AAAA-MM-DD` que define o fim do intervalo de tempo no qual tenham sido realizadas as votações a serem listadas. Se usado sozinho, esse parâmetro faz com que sejam retornadas todas as votações ocorridas desde 1º de janeiro do mesmo ano até esta data. Se usado com `dataInicio`, é preciso que as duas datas sejam de um mesmo ano."",""in"":""query"",""name"":""dataFim"",""required"":false,""schema"":{""type"":""string""}},{""description"":""Número da página de resultados, a partir de 1, que se deseja obter com a requisição, contendo o número de itens definido pelo parâmetro itens. Se omitido, assume o valor 1."",""in"":""query"",""name"":""pagina"",""required"":false,""schema"":{""type"":""integer"",""format"":""int32""}},{""description"":""Número máximo de itens na página que se deseja obter com esta requisição. O valor padrão e máximo para este endpoint é 100, e valores maiores serão ignorados."",""in"":""query"",""name"":""itens"",""required"":false,""schema"":{""type"":""integer"",""format"":""int32""}},{""description"":""O sentido da ordenação: `asc` para A a Z ou 0 a 9, e `desc` para Z a A ou 9 a 0."",""in"":""query"",""name"":""ordem"",""required"":false,""schema"":{""type"":""string"",""default"":""DESC""}},{""description"":""Nome do campo pelo qual a lista será ordenada. Pode ser `id`, `idOrgao`, `siglaOrgao`, `idEvento`, `idProposicao`, `data`, `dataHoraRegistro` ou `idProposicaoObjeto`."",""in"":""query"",""name"":""ordenarPor"",""required"":false,""schema"":{""type"":""string"",""default"":""dataHoraRegistro""}},{""in"":""header"",""name"":""Accept"",""schema"":{""type"":""string"",""enum"":[""application/json, application/xml""]}}]","{""$ref"":""#/components/schemas/ResultadoVotacoes""}",false,Nao declarada de forma uniforme na especificacao OpenAPI,Nao declarada de forma uniforme na especificacao OpenAPI,docs/chaves_relacionamentos.md (exploratorio),2026-10-09T13:52:33+00:00,https://dadosabertos.camara.leg.br/api/v2/api-docs,"Paginacao, filtros, autenticacao e limites devem ser interpretados pela especificacao; nao coletar sem escopo."
camara,api_endpoint,Órgãos; Referências,As situações em que órgãos podem se encontrar,GET,https://dadosabertos.camara.leg.br/api/v2/referencias/orgaos/codSituacao,application/json; application/xml; text/xml,[],"{""$ref"":""#/components/schemas/ResultadoReferencias""}",false,Nao declarada de forma uniforme na especificacao OpenAPI,Nao declarada de forma uniforme na especificacao OpenAPI,docs/chaves_relacionamentos.md (exploratorio),2026-10-09T13:52:33+00:00,https://dadosabertos.camara.leg.br/api/v2/api-docs,"Paginacao, filtros, autenticacao e limites devem ser interpretados pela especificacao; nao coletar sem escopo."
camara,api_endpoint,Órgãos; Referências,As situações em que órgãos podem se encontrar,GET,https://dadosabertos.camara.leg.br/api/v2/referencias/situacoesOrgao,application/json; application/xml; text/xml,[],"{""$ref"":""#/components/schemas/ResultadoReferencias""}",false,Nao declarada de forma uniforme na especificacao OpenAPI,Nao declarada de forma uniforme na especificacao OpenAPI,docs/chaves_relacionamentos.md (exploratorio),2026-10-09T13:52:33+00:00,https://dadosabertos.camara.leg.br/api/v2/api-docs,"Paginacao, filtros, autenticacao e limites devem ser interpretados pela especificacao; nao coletar sem escopo."
camara,bulk_file_or_feed,arquivos estaticos da API,Ano-2008.csv.zip,GET,https://www.camara.leg.br/cotas/Ano-2008.csv.zip,CSV.ZIP,[],,,2008,Diaria (arquivo de cotas da Camara),docs/chaves_relacionamentos.md (exploratorio),2026-10-09T13:52:35+00:00,https://dadosabertos.camara.leg.br/swagger/api.html?tab=staticfile,Rotulo do catalogo/portal: CSV; validar cobertura e atualizacao antes da ingestao.
camara,bulk_file_or_feed,arquivos estaticos da API,Ano-2008.json.zip,GET,https://www.camara.leg.br/cotas/Ano-2008.json.zip,JSON.ZIP,[],,,2008,Diaria (arquivo de cotas da Camara),docs/chaves_relacionamentos.md (exploratorio),2026-10-09T13:52:35+00:00,https://dadosabertos.camara.leg.br/swagger/api.html?tab=staticfile,Rotulo do catalogo/portal: JSON; validar cobertura e atualizacao antes da ingestao.
camara,bulk_file_or_feed,arquivos estaticos da API,Ano-2008.ods,GET,https://www.camara.leg.br/cotas/Ano-2008.ods,ODS,[],,,2008,Diaria (arquivo de cotas da Camara),docs/chaves_relacionamentos.md (exploratorio),2026-10-09T13:52:35+00:00,https://dadosabertos.camara.leg.br/swagger/api.html?tab=staticfile,Rotulo do catalogo/portal: ODS; validar cobertura e atualizacao antes da ingestao.
camara,bulk_file_or_feed,arquivos estaticos da API,Ano-2008.xlsx,GET,https://www.camara.leg.br/cotas/Ano-2008.xlsx,XLSX,[],,,2008,Diaria (arquivo de cotas da Camara),docs/chaves_relacionamentos.md (exploratorio),2026-10-09T13:52:35+00:00,https://dadosabertos.camara.leg.br/swagger/api.html?tab=staticfile,Rotulo do catalogo/portal: XLSX; validar cobertura e atualizacao antes da ingestao.
camara,bulk_file_or_feed,arquivos estaticos da API,Ano-2008.xml.zip,GET,https://www.camara.leg.br/cotas/Ano-2008.xml.zip,XML.ZIP,[],,,2008,Diaria (arquivo de cotas da Camara),docs/chaves_relacionamentos.md (exploratorio),2026-10-09T13:52:35+00:00,https://dadosabertos.camara.leg.br/swagger/api.html?tab=staticfile,Rotulo do catalogo/portal: XML; validar cobertura e atualizacao antes da ingestao.
camara,bulk_file_or_feed,arquivos estaticos da API,Ano-2009.csv.zip,GET,https://www.camara.leg.br/cotas/Ano-2009.csv.zip,CSV.ZIP,[],,,2009,Diaria (arquivo de cotas da Camara),docs/chaves_relacionamentos.md (exploratorio),2026-10-09T13:52:35+00:00,https://dadosabertos.camara.leg.br/swagger/api.html?tab=staticfile,Rotulo do catalogo/portal: CSV; validar cobertura e atualizacao antes da ingestao.
camara,bulk_file_or_feed,arquivos estaticos da API,Ano-2009.json.zip,GET,https://www.camara.leg.br/cotas/Ano-2009.json.zip,JSON.ZIP,[],,,2009,Diaria (arquivo de cotas da Camara),docs/chaves_relacionamentos.md (exploratorio),2026-10-09T13:52:35+00:00,https://dadosabertos.camara.leg.br/swagger/api.html?tab=staticfile,Rotulo do catalogo/portal: JSON; validar cobertura e atualizacao antes da ingestao.
camara,bulk_file_or_feed,arquivos estaticos da API,Ano-2009.ods,GET,https://www.camara.leg.br/cotas/Ano-2009.ods,ODS,[],,,2009,Diaria (arquivo de cotas da Camara),docs/chaves_relacionamentos.md (exploratorio),2026-10-09T13:52:35+00:00,https://dadosabertos.camara.leg.br/swagger/api.html?tab=staticfile,Rotulo do catalogo/portal: ODS; validar cobertura e atualizacao antes da ingestao.
camara,bulk_file_or_feed,arquivos estaticos da API,Ano-2009.xlsx,GET,https://www.camara.leg.br/cotas/Ano-2009.xlsx,XLSX,[],,,2009,Diaria (arquivo de cotas da Camara),docs/chaves_relacionamentos.md (exploratorio),2026-10-09T13:52:35+00:00,https://dadosabertos.camara.leg.br/swagger/api.html?tab=staticfile,Rotulo do catalogo/portal: XLSX; validar cobertura e atualizacao antes da ingestao.
camara,bulk_file_or_feed,arquivos estaticos da API,Ano-2009.xml.zip,GET,https://www.camara.leg.br/cotas/Ano-2009.xml.zip,XML.ZIP,[],,,2009,Diaria (arquivo de cotas da Camara),docs/chaves_relacionamentos.md (exploratorio),2026-10-09T13:52:35+00:00,https://dadosabertos.camara.leg.br/swagger/api.html?tab=staticfile,Rotulo do catalogo/portal: XML; validar cobertura e atualizacao antes da ingestao.
camara,bulk_file_or_feed,arquivos estaticos da API,Ano-2010.csv.zip,GET,https://www.camara.leg.br/cotas/Ano-2010.csv.zip,CSV.ZIP,[],,,2010,Diaria (arquivo de cotas da Camara),docs/chaves_relacionamentos.md (exploratorio),2026-10-09T13:52:35+00:00,https://dadosabertos.camara.leg.br/swagger/api.html?tab=staticfile,Rotulo do catalogo/portal: CSV; validar cobertura e atualizacao antes da ingestao.
camara,bulk_file_or_feed,arquivos estaticos da API,Ano-2010.json.zip,GET,https://www.camara.leg.br/cotas/Ano-2010.json.zip,JSON.ZIP,[],,,2010,Diaria (arquivo de cotas da Camara),docs/chaves_relacionamentos.md (exploratorio),2026-10-09T13:52:35+00:00,https://dadosabertos.camara.leg.br/swagger/api.html?tab=staticfile,Rotulo do catalogo/portal: JSON; validar cobertura e atualizacao antes da ingestao.
camara,bulk_file_or_feed,arquivos estaticos da API,Ano-2010.ods,GET,https://www.camara.leg.br/cotas/Ano-2010.ods,ODS,[],,,2010,Diaria (arquivo de cotas da Camara),docs/chaves_relacionamentos.md (exploratorio),2026-10-09T13:52:35+00:00,https://dadosabertos.camara.leg.br/swagger/api.html?tab=staticfile,Rotulo do catalogo/portal: ODS; validar cobertura e atualizacao antes da ingestao.
camara,bulk_file_or_feed,arquivos estaticos da API,Ano-2010.xlsx,GET,https://www.camara.leg.br/cotas/Ano-2010.xlsx,XLSX,[],,,2010,Diaria (arquivo de cotas da Camara),docs/chaves_relacionamentos.md (exploratorio),2026-10-09T13:52:35+00:00,https://dadosabertos.camara.leg.br/swagger/api.html?tab=staticfile,Rotulo do catalogo/portal: XLSX; validar cobertura e atualizacao antes da ingestao.
camara,bulk_file_or_feed,arquivos estaticos da API,Ano-2010.xml.zip,GET,https://www.camara.leg.br/cotas/Ano-2010.xml.zip,XML.ZIP,[],,,2010,Diaria (arquivo de cotas da Camara),docs/chaves_relacionamentos.md (exploratorio),2026-10-09T13:52:35+00:00,https://dadosabertos.camara.leg.br/swagger/api.html?tab=staticfile,Rotulo do catalogo/portal: XML; validar cobertura e atualizacao antes da ingestao.
camara,bulk_file_or_feed,arquivos estaticos da API,Ano-2011.csv.zip,GET,https://www.camara.leg.br/cotas/Ano-2011.csv.zip,CSV.ZIP,[],,,2011,Diaria (arquivo de cotas da Camara),docs/chaves_relacionamentos.md (exploratorio),2026-10-09T13:52:35+00:00,https://dadosabertos.camara.leg.br/swagger/api.html?tab=staticfile,Rotulo do catalogo/portal: CSV; validar cobertura e atualizacao antes da ingestao.
camara,bulk_file_or_feed,arquivos estaticos da API,Ano-2011.json.zip,GET,https://www.camara.leg.br/cotas/Ano-2011.json.zip,JSON.ZIP,[],,,2011,Diaria (arquivo de cotas da Camara),docs/chaves_relacionamentos.md (exploratorio),2026-10-09T13:52:35+00:00,https://dadosabertos.camara.leg.br/swagger/api.html?tab=staticfile,Rotulo do catalogo/portal: JSON; validar cobertura e atualizacao antes da ingestao.
camara,bulk_file_or_feed,arquivos estaticos da API,Ano-2011.ods,GET,https://www.camara.leg.br/cotas/Ano-2011.ods,ODS,[],,,2011,Diaria (arquivo de cotas da Camara),docs/chaves_relacionamentos.md (exploratorio),2026-10-09T13:52:35+00:00,https://dadosabertos.camara.leg.br/swagger/api.html?tab=staticfile,Rotulo do catalogo/portal: ODS; validar cobertura e atualizacao antes da ingestao.
camara,bulk_file_or_feed,arquivos estaticos da API,Ano-2011.xlsx,GET,https://www.camara.leg.br/cotas/Ano-2011.xlsx,XLSX,[],,,2011,Diaria (arquivo de cotas da Camara),docs/chaves_relacionamentos.md (exploratorio),2026-10-09T13:52:35+00:00,https://dadosabertos.camara.leg.br/swagger/api.html?tab=staticfile,Rotulo do catalogo/portal: XLSX; validar cobertura e atualizacao antes da ingestao.
camara,bulk_file_or_feed,arquivos estaticos da API,Ano-2011.xml.zip,GET,https://www.camara.leg.br/cotas/Ano-2011.xml.zip,XML.ZIP,[],,,2011,Diaria (arquivo de cotas da Camara),docs/chaves_relacionamentos.md (exploratorio),2026-10-09T13:52:35+00:00,https://dadosabertos.camara.leg.br/swagger/api.html?tab=staticfile,Rotulo do catalogo/portal: XML; validar cobertura e atualizacao antes da ingestao.
camara,bulk_file_or_feed,arquivos estaticos da API,Ano-2012.csv.zip,GET,https://www.camara.leg.br/cotas/Ano-2012.csv.zip,CSV.ZIP,[],,,2012,Diaria (arquivo de cotas da Camara),docs/chaves_relacionamentos.md (exploratorio),2026-10-09T13:52:35+00:00,https://dadosabertos.camara.leg.br/swagger/api.html?tab=staticfile,Rotulo do catalogo/portal: CSV; validar cobertura e atualizacao antes da ingestao.
camara,bulk_file_or_feed,arquivos estaticos da API,Ano-2012.json.zip,GET,https://www.camara.leg.br/cotas/Ano-2012.json.zip,JSON.ZIP,[],,,2012,Diaria (arquivo de cotas da Camara),docs/chaves_relacionamentos.md (exploratorio),2026-10-09T13:52:35+00:00,https://dadosabertos.camara.leg.br/swagger/api.html?tab=staticfile,Rotulo do catalogo/portal: JSON; validar cobertura e atualizacao antes da ingestao.
camara,bulk_file_or_feed,arquivos estaticos da API,Ano-2012.ods,GET,https://www.camara.leg.br/cotas/Ano-2012.ods,ODS,[],,,2012,Diaria (arquivo de cotas da Camara),docs/chaves_relacionamentos.md (exploratorio),2026-10-09T13:52:35+00:00,https://dadosabertos.camara.leg.br/swagger/api.html?tab=staticfile,Rotulo do catalogo/portal: ODS; validar cobertura e atualizacao antes da ingestao.
camara,bulk_file_or_feed,arquivos estaticos da API,Ano-2012.xlsx,GET,https://www.camara.leg.br/cotas/Ano-2012.xlsx,XLSX,[],,,2012,Diaria (arquivo de cotas da Camara),docs/chaves_relacionamentos.md (exploratorio),2026-10-09T13:52:35+00:00,https://dadosabertos.camara.leg.br/swagger/api.html?tab=staticfile,Rotulo do catalogo/portal: XLSX; validar cobertura e atualizacao antes da ingestao.
camara,bulk_file_or_feed,arquivos estaticos da API,Ano-2012.xml.zip,GET,https://www.camara.leg.br/cotas/Ano-2012.xml.zip,XML.ZIP,[],,,2012,Diaria (arquivo de cotas da Camara),docs/chaves_relacionamentos.md (exploratorio),2026-10-09T13:52:35+00:00,https://dadosabertos.camara.leg.br/swagger/api.html?tab=staticfile,Rotulo do catalogo/portal: XML; validar cobertura e atualizacao antes da ingestao.
camara,bulk_file_or_feed,arquivos estaticos da API,Ano-2013.csv.zip,GET,https://www.camara.leg.br/cotas/Ano-2013.csv.zip,CSV.ZIP,[],,,2013,Diaria (arquivo de cotas da Camara),docs/chaves_relacionamentos.md (exploratorio),2026-10-09T13:52:35+00:00,https://dadosabertos.camara.leg.br/swagger/api.html?tab=staticfile,Rotulo do catalogo/portal: CSV; validar cobertura e atualizacao antes da ingestao.
camara,bulk_file_or_feed,arquivos estaticos da API,Ano-2013.json.zip,GET,https://www.camara.leg.br/cotas/Ano-2013.json.zip,JSON.ZIP,[],,,2013,Diaria (arquivo de cotas da Camara),docs/chaves_relacionamentos.md (exploratorio),2026-10-09T13:52:35+00:00,https://dadosabertos.camara.leg.br/swagger/api.html?tab=staticfile,Rotulo do catalogo/portal: JSON; validar cobertura e atualizacao antes da ingestao.
camara,bulk_file_or_feed,arquivos estaticos da API,Ano-2013.ods,GET,https://www.camara.leg.br/cotas/Ano-2013.ods,ODS,[],,,2013,Diaria (arquivo de cotas da Camara),docs/chaves_relacionamentos.md (exploratorio),2026-10-09T13:52:35+00:00,https://dadosabertos.camara.leg.br/swagger/api.html?tab=staticfile,Rotulo do catalogo/portal: ODS; validar cobertura e atualizacao antes da ingestao.
camara,bulk_file_or_feed,arquivos estaticos da API,Ano-2013.xlsx,GET,https://www.camara.leg.br/cotas/Ano-2013.xlsx,XLSX,[],,,2013,Diaria (arquivo de cotas da Camara),docs/chaves_relacionamentos.md (exploratorio),2026-10-09T13:52:35+00:00,https://dadosabertos.camara.leg.br/swagger/api.html?tab=staticfile,Rotulo do catalogo/portal: XLSX; validar cobertura e atualizacao antes da ingestao.
camara,bulk_file_or_feed,arquivos estaticos da API,Ano-2013.xml.zip,GET,https://www.camara.leg.br/cotas/Ano-2013.xml.zip,XML.ZIP,[],,,2013,Diaria (arquivo de cotas da Camara),docs/chaves_relacionamentos.md (exploratorio),2026-10-09T13:52:35+00:00,https://dadosabertos.camara.leg.br/swagger/api.html?tab=staticfile,Rotulo do catalogo/portal: XML; validar cobertura e atualizacao antes da ingestao.
camara,bulk_file_or_feed,arquivos estaticos da API,Ano-2014.csv.zip,GET,https://www.camara.leg.br/cotas/Ano-2014.csv.zip,CSV.ZIP,[],,,2014,Diaria (arquivo de cotas da Camara),docs/chaves_relacionamentos.md (exploratorio),2026-10-09T13:52:35+00:00,https://dadosabertos.camara.leg.br/swagger/api.html?tab=staticfile,Rotulo do catalogo/portal: CSV; validar cobertura e atualizacao antes da ingestao.
camara,bulk_file_or_feed,arquivos estaticos da API,Ano-2014.json.zip,GET,https://www.camara.leg.br/cotas/Ano-2014.json.zip,JSON.ZIP,[],,,2014,Diaria (arquivo de cotas da Camara),docs/chaves_relacionamentos.md (exploratorio),2026-10-09T13:52:35+00:00,https://dadosabertos.camara.leg.br/swagger/api.html?tab=staticfile,Rotulo do catalogo/portal: JSON; validar cobertura e atualizacao antes da ingestao.
camara,bulk_file_or_feed,arquivos estaticos da API,Ano-2014.ods,GET,https://www.camara.leg.br/cotas/Ano-2014.ods,ODS,[],,,2014,Diaria (arquivo de cotas da Camara),docs/chaves_relacionamentos.md (exploratorio),2026-10-09T13:52:35+00:00,https://dadosabertos.camara.leg.br/swagger/api.html?tab=staticfile,Rotulo do catalogo/portal: ODS; validar cobertura e atualizacao antes da ingestao.
camara,bulk_file_or_feed,arquivos estaticos da API,Ano-2014.xlsx,GET,https://www.camara.leg.br/cotas/Ano-2014.xlsx,XLSX,[],,,2014,Diaria (arquivo de cotas da Camara),docs/chaves_relacionamentos.md (exploratorio),2026-10-09T13:52:35+00:00,https://dadosabertos.camara.leg.br/swagger/api.html?tab=staticfile,Rotulo do catalogo/portal: XLSX; validar cobertura e atualizacao antes da ingestao.
camara,bulk_file_or_feed,arquivos estaticos da API,Ano-2014.xml.zip,GET,https://www.camara.leg.br/cotas/Ano-2014.xml.zip,XML.ZIP,[],,,2014,Diaria (arquivo de cotas da Camara),docs/chaves_relacionamentos.md (exploratorio),2026-10-09T13:52:35+00:00,https://dadosabertos.camara.leg.br/swagger/api.html?tab=staticfile,Rotulo do catalogo/portal: XML; validar cobertura e atualizacao antes da ingestao.
camara,bulk_file_or_feed,arquivos estaticos da API,Ano-2015.csv.zip,GET,https://www.camara.leg.br/cotas/Ano-2015.csv.zip,CSV.ZIP,[],,,2015,Diaria (arquivo de cotas da Camara),docs/chaves_relacionamentos.md (exploratorio),2026-10-09T13:52:35+00:00,https://dadosabertos.camara.leg.br/swagger/api.html?tab=staticfile,Rotulo do catalogo/portal: CSV; validar cobertura e atualizacao antes da ingestao.
camara,bulk_file_or_feed,arquivos estaticos da API,Ano-2015.json.zip,GET,https://www.camara.leg.br/cotas/Ano-2015.json.zip,JSON.ZIP,[],,,2015,Diaria (arquivo de cotas da Camara),docs/chaves_relacionamentos.md (exploratorio),2026-10-09T13:52:35+00:00,https://dadosabertos.camara.leg.br/swagger/api.html?tab=staticfile,Rotulo do catalogo/portal: JSON; validar cobertura e atualizacao antes da ingestao.
camara,bulk_file_or_feed,arquivos estaticos da API,Ano-2015.ods,GET,https://www.camara.leg.br/cotas/Ano-2015.ods,ODS,[],,,2015,Diaria (arquivo de cotas da Camara),docs/chaves_relacionamentos.md (exploratorio),2026-10-09T13:52:35+00:00,https://dadosabertos.camara.leg.br/swagger/api.html?tab=staticfile,Rotulo do catalogo/portal: ODS; validar cobertura e atualizacao antes da ingestao.
camara,bulk_file_or_feed,arquivos estaticos da API,Ano-2015.xlsx,GET,https://www.camara.leg.br/cotas/Ano-2015.xlsx,XLSX,[],,,2015,Diaria (arquivo de cotas da Camara),docs/chaves_relacionamentos.md (exploratorio),2026-10-09T13:52:35+00:00,https://dadosabertos.camara.leg.br/swagger/api.html?tab=staticfile,Rotulo do catalogo/portal: XLSX; validar cobertura e atualizacao antes da ingestao.
camara,bulk_file_or_feed,arquivos estaticos da API,Ano-2015.xml.zip,GET,https://www.camara.leg.br/cotas/Ano-2015.xml.zip,XML.ZIP,[],,,2015,Diaria (arquivo de cotas da Camara),docs/chaves_relacionamentos.md (exploratorio),2026-10-09T13:52:35+00:00,https://dadosabertos.camara.leg.br/swagger/api.html?tab=staticfile,Rotulo do catalogo/portal: XML; validar cobertura e atualizacao antes da ingestao.
camara,bulk_file_or_feed,arquivos estaticos da API,Ano-2016.csv.zip,GET,https://www.camara.leg.br/cotas/Ano-2016.csv.zip,CSV.ZIP,[],,,2016,Diaria (arquivo de cotas da Camara),docs/chaves_relacionamentos.md (exploratorio),2026-10-09T13:52:35+00:00,https://dadosabertos.camara.leg.br/swagger/api.html?tab=staticfile,Rotulo do catalogo/portal: CSV; validar cobertura e atualizacao antes da ingestao.
camara,bulk_file_or_feed,arquivos estaticos da API,Ano-2016.json.zip,GET,https://www.camara.leg.br/cotas/Ano-2016.json.zip,JSON.ZIP,[],,,2016,Diaria (arquivo de cotas da Camara),docs/chaves_relacionamentos.md (exploratorio),2026-10-09T13:52:35+00:00,https://dadosabertos.camara.leg.br/swagger/api.html?tab=staticfile,Rotulo do catalogo/portal: JSON; validar cobertura e atualizacao antes da ingestao.
camara,bulk_file_or_feed,arquivos estaticos da API,Ano-2016.ods,GET,https://www.camara.leg.br/cotas/Ano-2016.ods,ODS,[],,,2016,Diaria (arquivo de cotas da Camara),docs/chaves_relacionamentos.md (exploratorio),2026-10-09T13:52:35+00:00,https://dadosabertos.camara.leg.br/swagger/api.html?tab=staticfile,Rotulo do catalogo/portal: ODS; validar cobertura e atualizacao antes da ingestao.
camara,bulk_file_or_feed,arquivos estaticos da API,Ano-2016.xlsx,GET,https://www.camara.leg.br/cotas/Ano-2016.xlsx,XLSX,[],,,2016,Diaria (arquivo de cotas da Camara),docs/chaves_relacionamentos.md (exploratorio),2026-10-09T13:52:35+00:00,https://dadosabertos.camara.leg.br/swagger/api.html?tab=staticfile,Rotulo do catalogo/portal: XLSX; validar cobertura e atualizacao antes da ingestao.
camara,bulk_file_or_feed,arquivos estaticos da API,Ano-2016.xml.zip,GET,https://www.camara.leg.br/cotas/Ano-2016.xml.zip,XML.ZIP,[],,,2016,Diaria (arquivo de cotas da Camara),docs/chaves_relacionamentos.md (exploratorio),2026-10-09T13:52:35+00:00,https://dadosabertos.camara.leg.br/swagger/api.html?tab=staticfile,Rotulo do catalogo/portal: XML; validar cobertura e atualizacao antes da ingestao.
camara,bulk_file_or_feed,arquivos estaticos da API,Ano-2017.csv.zip,GET,https://www.camara.leg.br/cotas/Ano-2017.csv.zip,CSV.ZIP,[],,,2017,Diaria (arquivo de cotas da Camara),docs/chaves_relacionamentos.md (exploratorio),2026-10-09T13:52:35+00:00,https://dadosabertos.camara.leg.br/swagger/api.html?tab=staticfile,Rotulo do catalogo/portal: CSV; validar cobertura e atualizacao antes da ingestao.
camara,bulk_file_or_feed,arquivos estaticos da API,Ano-2017.json.zip,GET,https://www.camara.leg.br/cotas/Ano-2017.json.zip,JSON.ZIP,[],,,2017,Diaria (arquivo de cotas da Camara),docs/chaves_relacionamentos.md (exploratorio),2026-10-09T13:52:35+00:00,https://dadosabertos.camara.leg.br/swagger/api.html?tab=staticfile,Rotulo do catalogo/portal: JSON; validar cobertura e atualizacao antes da ingestao.
camara,bulk_file_or_feed,arquivos estaticos da API,Ano-2017.ods,GET,https://www.camara.leg.br/cotas/Ano-2017.ods,ODS,[],,,2017,Diaria (arquivo de cotas da Camara),docs/chaves_relacionamentos.md (exploratorio),2026-10-09T13:52:35+00:00,https://dadosabertos.camara.leg.br/swagger/api.html?tab=staticfile,Rotulo do catalogo/portal: ODS; validar cobertura e atualizacao antes da ingestao.
camara,bulk_file_or_feed,arquivos estaticos da API,Ano-2017.xlsx,GET,https://www.camara.leg.br/cotas/Ano-2017.xlsx,XLSX,[],,,2017,Diaria (arquivo de cotas da Camara),docs/chaves_relacionamentos.md (exploratorio),2026-10-09T13:52:35+00:00,https://dadosabertos.camara.leg.br/swagger/api.html?tab=staticfile,Rotulo do catalogo/portal: XLSX; validar cobertura e atualizacao antes da ingestao.
camara,bulk_file_or_feed,arquivos estaticos da API,Ano-2017.xml.zip,GET,https://www.camara.leg.br/cotas/Ano-2017.xml.zip,XML.ZIP,[],,,2017,Diaria (arquivo de cotas da Camara),docs/chaves_relacionamentos.md (exploratorio),2026-10-09T13:52:35+00:00,https://dadosabertos.camara.leg.br/swagger/api.html?tab=staticfile,Rotulo do catalogo/portal: XML; validar cobertura e atualizacao antes da ingestao.
camara,bulk_file_or_feed,arquivos estaticos da API,Ano-2018.csv.zip,GET,https://www.camara.leg.br/cotas/Ano-2018.csv.zip,CSV.ZIP,[],,,2018,Diaria (arquivo de cotas da Camara),docs/chaves_relacionamentos.md (exploratorio),2026-10-09T13:52:35+00:00,https://dadosabertos.camara.leg.br/swagger/api.html?tab=staticfile,Rotulo do catalogo/portal: CSV; validar cobertura e atualizacao antes da ingestao.
camara,bulk_file_or_feed,arquivos estaticos da API,Ano-2018.json.zip,GET,https://www.camara.leg.br/cotas/Ano-2018.json.zip,JSON.ZIP,[],,,2018,Diaria (arquivo de cotas da Camara),docs/chaves_relacionamentos.md (exploratorio),2026-10-09T13:52:35+00:00,https://dadosabertos.camara.leg.br/swagger/api.html?tab=staticfile,Rotulo do catalogo/portal: JSON; validar cobertura e atualizacao antes da ingestao.
camara,bulk_file_or_feed,arquivos estaticos da API,Ano-2018.ods,GET,https://www.camara.leg.br/cotas/Ano-2018.ods,ODS,[],,,2018,Diaria (arquivo de cotas da Camara),docs/chaves_relacionamentos.md (exploratorio),2026-10-09T13:52:35+00:00,https://dadosabertos.camara.leg.br/swagger/api.html?tab=staticfile,Rotulo do catalogo/portal: ODS; validar cobertura e atualizacao antes da ingestao.
camara,bulk_file_or_feed,arquivos estaticos da API,Ano-2018.xlsx,GET,https://www.camara.leg.br/cotas/Ano-2018.xlsx,XLSX,[],,,2018,Diaria (arquivo de cotas da Camara),docs/chaves_relacionamentos.md (exploratorio),2026-10-09T13:52:35+00:00,https://dadosabertos.camara.leg.br/swagger/api.html?tab=staticfile,Rotulo do catalogo/portal: XLSX; validar cobertura e atualizacao antes da ingestao.
camara,bulk_file_or_feed,arquivos estaticos da API,Ano-2018.xml.zip,GET,https://www.camara.leg.br/cotas/Ano-2018.xml.zip,XML.ZIP,[],,,2018,Diaria (arquivo de cotas da Camara),docs/chaves_relacionamentos.md (exploratorio),2026-10-09T13:52:35+00:00,https://dadosabertos.camara.leg.br/swagger/api.html?tab=staticfile,Rotulo do catalogo/portal: XML; validar cobertura e atualizacao antes da ingestao.
camara,bulk_file_or_feed,arquivos estaticos da API,Ano-2019.csv.zip,GET,https://www.camara.leg.br/cotas/Ano-2019.csv.zip,CSV.ZIP,[],,,2019,Diaria (arquivo de cotas da Camara),docs/chaves_relacionamentos.md (exploratorio),2026-10-09T13:52:35+00:00,https://dadosabertos.camara.leg.br/swagger/api.html?tab=staticfile,Rotulo do catalogo/portal: CSV; validar cobertura e atualizacao antes da ingestao.
camara,bulk_file_or_feed,arquivos estaticos da API,Ano-2019.json.zip,GET,https://www.camara.leg.br/cotas/Ano-2019.json.zip,JSON.ZIP,[],,,2019,Diaria (arquivo de cotas da Camara),docs/chaves_relacionamentos.md (exploratorio),2026-10-09T13:52:35+00:00,https://dadosabertos.camara.leg.br/swagger/api.html?tab=staticfile,Rotulo do catalogo/portal: JSON; validar cobertura e atualizacao antes da ingestao.
camara,bulk_file_or_feed,arquivos estaticos da API,Ano-2019.ods,GET,https://www.camara.leg.br/cotas/Ano-2019.ods,ODS,[],,,2019,Diaria (arquivo de cotas da Camara),docs/chaves_relacionamentos.md (exploratorio),2026-10-09T13:52:35+00:00,https://dadosabertos.camara.leg.br/swagger/api.html?tab=staticfile,Rotulo do catalogo/portal: ODS; validar cobertura e atualizacao antes da ingestao.
camara,bulk_file_or_feed,arquivos estaticos da API,Ano-2019.xlsx,GET,https://www.camara.leg.br/cotas/Ano-2019.xlsx,XLSX,[],,,2019,Diaria (arquivo de cotas da Camara),docs/chaves_relacionamentos.md (exploratorio),2026-10-09T13:52:35+00:00,https://dadosabertos.camara.leg.br/swagger/api.html?tab=staticfile,Rotulo do catalogo/portal: XLSX; validar cobertura e atualizacao antes da ingestao.
camara,bulk_file_or_feed,arquivos estaticos da API,Ano-2019.xml.zip,GET,https://www.camara.leg.br/cotas/Ano-2019.xml.zip,XML.ZIP,[],,,2019,Diaria (arquivo de cotas da Camara),docs/chaves_relacionamentos.md (exploratorio),2026-10-09T13:52:35+00:00,https://dadosabertos.camara.leg.br/swagger/api.html?tab=staticfile,Rotulo do catalogo/portal: XML; validar cobertura e atualizacao antes da ingestao.
camara,bulk_file_or_feed,arquivos estaticos da API,Ano-2020.csv.zip,GET,https://www.camara.leg.br/cotas/Ano-2020.csv.zip,CSV.ZIP,[],,,2020,Diaria (arquivo de cotas da Camara),docs/chaves_relacionamentos.md (exploratorio),2026-10-09T13:52:35+00:00,https://dadosabertos.camara.leg.br/swagger/api.html?tab=staticfile,Rotulo do catalogo/portal: CSV; validar cobertura e atualizacao antes da ingestao.
camara,bulk_file_or_feed,arquivos estaticos da API,Ano-2020.json.zip,GET,https://www.camara.leg.br/cotas/Ano-2020.json.zip,JSON.ZIP,[],,,2020,Diaria (arquivo de cotas da Camara),docs/chaves_relacionamentos.md (exploratorio),2026-10-09T13:52:35+00:00,https://dadosabertos.camara.leg.br/swagger/api.html?tab=staticfile,Rotulo do catalogo/portal: JSON; validar cobertura e atualizacao antes da ingestao.
camara,bulk_file_or_feed,arquivos estaticos da API,Ano-2020.ods,GET,https://www.camara.leg.br/cotas/Ano-2020.ods,ODS,[],,,2020,Diaria (arquivo de cotas da Camara),docs/chaves_relacionamentos.md (exploratorio),2026-10-09T13:52:35+00:00,https://dadosabertos.camara.leg.br/swagger/api.html?tab=staticfile,Rotulo do catalogo/portal: ODS; validar cobertura e atualizacao antes da ingestao.
camara,bulk_file_or_feed,arquivos estaticos da API,Ano-2020.xlsx,GET,https://www.camara.leg.br/cotas/Ano-2020.xlsx,XLSX,[],,,2020,Diaria (arquivo de cotas da Camara),docs/chaves_relacionamentos.md (exploratorio),2026-10-09T13:52:35+00:00,https://dadosabertos.camara.leg.br/swagger/api.html?tab=staticfile,Rotulo do catalogo/portal: XLSX; validar cobertura e atualizacao antes da ingestao.
camara,bulk_file_or_feed,arquivos estaticos da API,Ano-2020.xml.zip,GET,https://www.camara.leg.br/cotas/Ano-2020.xml.zip,XML.ZIP,[],,,2020,Diaria (arquivo de cotas da Camara),docs/chaves_relacionamentos.md (exploratorio),2026-10-09T13:52:35+00:00,https://dadosabertos.camara.leg.br/swagger/api.html?tab=staticfile,Rotulo do catalogo/portal: XML; validar cobertura e atualizacao antes da ingestao.
camara,bulk_file_or_feed,arquivos estaticos da API,Ano-2021.csv.zip,GET,https://www.camara.leg.br/cotas/Ano-2021.csv.zip,CSV.ZIP,[],,,2021,Diaria (arquivo de cotas da Camara),docs/chaves_relacionamentos.md (exploratorio),2026-10-09T13:52:35+00:00,https://dadosabertos.camara.leg.br/swagger/api.html?tab=staticfile,Rotulo do catalogo/portal: CSV; validar cobertura e atualizacao antes da ingestao.
camara,bulk_file_or_feed,arquivos estaticos da API,Ano-2021.json.zip,GET,https://www.camara.leg.br/cotas/Ano-2021.json.zip,JSON.ZIP,[],,,2021,Diaria (arquivo de cotas da Camara),docs/chaves_relacionamentos.md (exploratorio),2026-10-09T13:52:35+00:00,https://dadosabertos.camara.leg.br/swagger/api.html?tab=staticfile,Rotulo do catalogo/portal: JSON; validar cobertura e atualizacao antes da ingestao.
camara,bulk_file_or_feed,arquivos estaticos da API,Ano-2021.ods,GET,https://www.camara.leg.br/cotas/Ano-2021.ods,ODS,[],,,2021,Diaria (arquivo de cotas da Camara),docs/chaves_relacionamentos.md (exploratorio),2026-10-09T13:52:35+00:00,https://dadosabertos.camara.leg.br/swagger/api.html?tab=staticfile,Rotulo do catalogo/portal: ODS; validar cobertura e atualizacao antes da ingestao.
camara,bulk_file_or_feed,arquivos estaticos da API,Ano-2021.xlsx,GET,https://www.camara.leg.br/cotas/Ano-2021.xlsx,XLSX,[],,,2021,Diaria (arquivo de cotas da Camara),docs/chaves_relacionamentos.md (exploratorio),2026-10-09T13:52:35+00:00,https://dadosabertos.camara.leg.br/swagger/api.html?tab=staticfile,Rotulo do catalogo/portal: XLSX; validar cobertura e atualizacao antes da ingestao.
camara,bulk_file_or_feed,arquivos estaticos da API,Ano-2021.xml.zip,GET,https://www.camara.leg.br/cotas/Ano-2021.xml.zip,XML.ZIP,[],,,2021,Diaria (arquivo de cotas da Camara),docs/chaves_relacionamentos.md (exploratorio),2026-10-09T13:52:35+00:00,https://dadosabertos.camara.leg.br/swagger/api.html?tab=staticfile,Rotulo do catalogo/portal: XML; validar cobertura e atualizacao antes da ingestao.
camara,bulk_file_or_feed,arquivos estaticos da API,Ano-2022.csv.zip,GET,https://www.camara.leg.br/cotas/Ano-2022.csv.zip,CSV.ZIP,[],,,2022,Diaria (arquivo de cotas da Camara),docs/chaves_relacionamentos.md (exploratorio),2026-10-09T13:52:35+00:00,https://dadosabertos.camara.leg.br/swagger/api.html?tab=staticfile,Rotulo do catalogo/portal: CSV; validar cobertura e atualizacao antes da ingestao.
camara,bulk_file_or_feed,arquivos estaticos da API,Ano-2022.json.zip,GET,https://www.camara.leg.br/cotas/Ano-2022.json.zip,JSON.ZIP,[],,,2022,Diaria (arquivo de cotas da Camara),docs/chaves_relacionamentos.md (exploratorio),2026-10-09T13:52:35+00:00,https://dadosabertos.camara.leg.br/swagger/api.html?tab=staticfile,Rotulo do catalogo/portal: JSON; validar cobertura e atualizacao antes da ingestao.
camara,bulk_file_or_feed,arquivos estaticos da API,Ano-2022.ods,GET,https://www.camara.leg.br/cotas/Ano-2022.ods,ODS,[],,,2022,Diaria (arquivo de cotas da Camara),docs/chaves_relacionamentos.md (exploratorio),2026-10-09T13:52:35+00:00,https://dadosabertos.camara.leg.br/swagger/api.html?tab=staticfile,Rotulo do catalogo/portal: ODS; validar cobertura e atualizacao antes da ingestao.
camara,bulk_file_or_feed,arquivos estaticos da API,Ano-2022.xlsx,GET,https://www.camara.leg.br/cotas/Ano-2022.xlsx,XLSX,[],,,2022,Diaria (arquivo de cotas da Camara),docs/chaves_relacionamentos.md (exploratorio),2026-10-09T13:52:35+00:00,https://dadosabertos.camara.leg.br/swagger/api.html?tab=staticfile,Rotulo do catalogo/portal: XLSX; validar cobertura e atualizacao antes da ingestao.
camara,bulk_file_or_feed,arquivos estaticos da API,Ano-2022.xml.zip,GET,https://www.camara.leg.br/cotas/Ano-2022.xml.zip,XML.ZIP,[],,,2022,Diaria (arquivo de cotas da Camara),docs/chaves_relacionamentos.md (exploratorio),2026-10-09T13:52:35+00:00,https://dadosabertos.camara.leg.br/swagger/api.html?tab=staticfile,Rotulo do catalogo/portal: XML; validar cobertura e atualizacao antes da ingestao.
camara,bulk_file_or_feed,arquivos estaticos da API,Ano-2023.csv.zip,GET,https://www.camara.leg.br/cotas/Ano-2023.csv.zip,CSV.ZIP,[],,,2023,Diaria (arquivo de cotas da Camara),docs/chaves_relacionamentos.md (exploratorio),2026-10-09T13:52:35+00:00,https://dadosabertos.camara.leg.br/swagger/api.html?tab=staticfile,Rotulo do catalogo/portal: CSV; validar cobertura e atualizacao antes da ingestao.
camara,bulk_file_or_feed,arquivos estaticos da API,Ano-2023.json.zip,GET,https://www.camara.leg.br/cotas/Ano-2023.json.zip,JSON.ZIP,[],,,2023,Diaria (arquivo de cotas da Camara),docs/chaves_relacionamentos.md (exploratorio),2026-10-09T13:52:35+00:00,https://dadosabertos.camara.leg.br/swagger/api.html?tab=staticfile,Rotulo do catalogo/portal: JSON; validar cobertura e atualizacao antes da ingestao.
camara,bulk_file_or_feed,arquivos estaticos da API,Ano-2023.ods,GET,https://www.camara.leg.br/cotas/Ano-2023.ods,ODS,[],,,2023,Diaria (arquivo de cotas da Camara),docs/chaves_relacionamentos.md (exploratorio),2026-10-09T13:52:35+00:00,https://dadosabertos.camara.leg.br/swagger/api.html?tab=staticfile,Rotulo do catalogo/portal: ODS; validar cobertura e atualizacao antes da ingestao.
camara,bulk_file_or_feed,arquivos estaticos da API,Ano-2023.xlsx,GET,https://www.camara.leg.br/cotas/Ano-2023.xlsx,XLSX,[],,,2023,Diaria (arquivo de cotas da Camara),docs/chaves_relacionamentos.md (exploratorio),2026-10-09T13:52:35+00:00,https://dadosabertos.camara.leg.br/swagger/api.html?tab=staticfile,Rotulo do catalogo/portal: XLSX; validar cobertura e atualizacao antes da ingestao.
camara,bulk_file_or_feed,arquivos estaticos da API,Ano-2023.xml.zip,GET,https://www.camara.leg.br/cotas/Ano-2023.xml.zip,XML.ZIP,[],,,2023,Diaria (arquivo de cotas da Camara),docs/chaves_relacionamentos.md (exploratorio),2026-10-09T13:52:35+00:00,https://dadosabertos.camara.leg.br/swagger/api.html?tab=staticfile,Rotulo do catalogo/portal: XML; validar cobertura e atualizacao antes da ingestao.
camara,bulk_file_or_feed,arquivos estaticos da API,Ano-2024.csv.zip,GET,https://www.camara.leg.br/cotas/Ano-2024.csv.zip,CSV.ZIP,[],,,2024,Diaria (arquivo de cotas da Camara),docs/chaves_relacionamentos.md (exploratorio),2026-10-09T13:52:35+00:00,https://dadosabertos.camara.leg.br/swagger/api.html?tab=staticfile,Rotulo do catalogo/portal: CSV; validar cobertura e atualizacao antes da ingestao.
camara,bulk_file_or_feed,arquivos estaticos da API,Ano-2024.json.zip,GET,https://www.camara.leg.br/cotas/Ano-2024.json.zip,JSON.ZIP,[],,,2024,Diaria (arquivo de cotas da Camara),docs/chaves_relacionamentos.md (exploratorio),2026-10-09T13:52:35+00:00,https://dadosabertos.camara.leg.br/swagger/api.html?tab=staticfile,Rotulo do catalogo/portal: JSON; validar cobertura e atualizacao antes da ingestao.
camara,bulk_file_or_feed,arquivos estaticos da API,Ano-2024.ods,GET,https://www.camara.leg.br/cotas/Ano-2024.ods,ODS,[],,,2024,Diaria (arquivo de cotas da Camara),docs/chaves_relacionamentos.md (exploratorio),2026-10-09T13:52:35+00:00,https://dadosabertos.camara.leg.br/swagger/api.html?tab=staticfile,Rotulo do catalogo/portal: ODS; validar cobertura e atualizacao antes da ingestao.
camara,bulk_file_or_feed,arquivos estaticos da API,Ano-2024.xlsx,GET,https://www.camara.leg.br/cotas/Ano-2024.xlsx,XLSX,[],,,2024,Diaria (arquivo de cotas da Camara),docs/chaves_relacionamentos.md (exploratorio),2026-10-09T13:52:35+00:00,https://dadosabertos.camara.leg.br/swagger/api.html?tab=staticfile,Rotulo do catalogo/portal: XLSX; validar cobertura e atualizacao antes da ingestao.
camara,bulk_file_or_feed,arquivos estaticos da API,Ano-2024.xml.zip,GET,https://www.camara.leg.br/cotas/Ano-2024.xml.zip,XML.ZIP,[],,,2024,Diaria (arquivo de cotas da Camara),docs/chaves_relacionamentos.md (exploratorio),2026-10-09T13:52:35+00:00,https://dadosabertos.camara.leg.br/swagger/api.html?tab=staticfile,Rotulo do catalogo/portal: XML; validar cobertura e atualizacao antes da ingestao.
camara,bulk_file_or_feed,arquivos estaticos da API,Ano-2025.csv.zip,GET,https://www.camara.leg.br/cotas/Ano-2025.csv.zip,CSV.ZIP,[],,,2025,Diaria (arquivo de cotas da Camara),docs/chaves_relacionamentos.md (exploratorio),2026-10-09T13:52:35+00:00,https://dadosabertos.camara.leg.br/swagger/api.html?tab=staticfile,Rotulo do catalogo/portal: CSV; validar cobertura e atualizacao antes da ingestao.
camara,bulk_file_or_feed,arquivos estaticos da API,Ano-2025.json.zip,GET,https://www.camara.leg.br/cotas/Ano-2025.json.zip,JSON.ZIP,[],,,2025,Diaria (arquivo de cotas da Camara),docs/chaves_relacionamentos.md (exploratorio),2026-10-09T13:52:35+00:00,https://dadosabertos.camara.leg.br/swagger/api.html?tab=staticfile,Rotulo do catalogo/portal: JSON; validar cobertura e atualizacao antes da ingestao.
camara,bulk_file_or_feed,arquivos estaticos da API,Ano-2025.ods,GET,https://www.camara.leg.br/cotas/Ano-2025.ods,ODS,[],,,2025,Diaria (arquivo de cotas da Camara),docs/chaves_relacionamentos.md (exploratorio),2026-10-09T13:52:35+00:00,https://dadosabertos.camara.leg.br/swagger/api.html?tab=staticfile,Rotulo do catalogo/portal: ODS; validar cobertura e atualizacao antes da ingestao.
camara,bulk_file_or_feed,arquivos estaticos da API,Ano-2025.xlsx,GET,https://www.camara.leg.br/cotas/Ano-2025.xlsx,XLSX,[],,,2025,Diaria (arquivo de cotas da Camara),docs/chaves_relacionamentos.md (exploratorio),2026-10-09T13:52:35+00:00,https://dadosabertos.camara.leg.br/swagger/api.html?tab=staticfile,Rotulo do catalogo/portal: XLSX; validar cobertura e atualizacao antes da ingestao.
camara,bulk_file_or_feed,arquivos estaticos da API,Ano-2025.xml.zip,GET,https://www.camara.leg.br/cotas/Ano-2025.xml.zip,XML.ZIP,[],,,2025,Diaria (arquivo de cotas da Camara),docs/chaves_relacionamentos.md (exploratorio),2026-10-09T13:52:35+00:00,https://dadosabertos.camara.leg.br/swagger/api.html?tab=staticfile,Rotulo do catalogo/portal: XML; validar cobertura e atualizacao antes da ingestao.
camara,bulk_file_or_feed,arquivos estaticos da API,Ano-2026.csv.zip,GET,https://www.camara.leg.br/cotas/Ano-2026.csv.zip,CSV.ZIP,[],,,2026,Diaria (arquivo de cotas da Camara),docs/chaves_relacionamentos.md (exploratorio),2026-10-09T13:52:35+00:00,https://dadosabertos.camara.leg.br/swagger/api.html?tab=staticfile,Rotulo do catalogo/portal: CSV; validar cobertura e atualizacao antes da ingestao.
camara,bulk_file_or_feed,arquivos estaticos da API,Ano-2026.json.zip,GET,https://www.camara.leg.br/cotas/Ano-2026.json.zip,JSON.ZIP,[],,,2026,Diaria (arquivo de cotas da Camara),docs/chaves_relacionamentos.md (exploratorio),2026-10-09T13:52:35+00:00,https://dadosabertos.camara.leg.br/swagger/api.html?tab=staticfile,Rotulo do catalogo/portal: JSON; validar cobertura e atualizacao antes da ingestao.
camara,bulk_file_or_feed,arquivos estaticos da API,Ano-2026.ods,GET,https://www.camara.leg.br/cotas/Ano-2026.ods,ODS,[],,,2026,Diaria (arquivo de cotas da Camara),docs/chaves_relacionamentos.md (exploratorio),2026-10-09T13:52:35+00:00,https://dadosabertos.camara.leg.br/swagger/api.html?tab=staticfile,Rotulo do catalogo/portal: ODS; validar cobertura e atualizacao antes da ingestao.
camara,bulk_file_or_feed,arquivos estaticos da API,Ano-2026.xlsx,GET,https://www.camara.leg.br/cotas/Ano-2026.xlsx,XLSX,[],,,2026,Diaria (arquivo de cotas da Camara),docs/chaves_relacionamentos.md (exploratorio),2026-10-09T13:52:35+00:00,https://dadosabertos.camara.leg.br/swagger/api.html?tab=staticfile,Rotulo do catalogo/portal: XLSX; validar cobertura e atualizacao antes da ingestao.
camara,bulk_file_or_feed,arquivos estaticos da API,Ano-2026.xml.zip,GET,https://www.camara.leg.br/cotas/Ano-2026.xml.zip,XML.ZIP,[],,,2026,Diaria (arquivo de cotas da Camara),docs/chaves_relacionamentos.md (exploratorio),2026-10-09T13:52:35+00:00,https://dadosabertos.camara.leg.br/swagger/api.html?tab=staticfile,Rotulo do catalogo/portal: XML; validar cobertura e atualizacao antes da ingestao.
camara,bulk_url_template,deputados,deputados,GET,http://dadosabertos.camara.leg.br/arquivos/deputados/{formato}/deputados.{formato},Definido por {formato}; consultar pagina de origem,"[""formato""]",,,Consultar metadados do conjunto,Consultar metadados do conjunto,docs/chaves_relacionamentos.md (exploratorio),2026-10-09T13:52:35+00:00,https://dadosabertos.camara.leg.br/swagger/api.html?tab=staticfile,Modelo publicado pela Camara; substituir parametros e confirmar arquivo concreto antes da ingestao.
camara,bulk_url_template,deputadosOcupacoes,deputadosOcupacoes,GET,http://dadosabertos.camara.leg.br/arquivos/deputadosOcupacoes/{formato}/deputadosOcupacoes.{formato},Definido por {formato}; consultar pagina de origem,"[""formato""]",,,Consultar metadados do conjunto,Consultar metadados do conjunto,docs/chaves_relacionamentos.md (exploratorio),2026-10-09T13:52:35+00:00,https://dadosabertos.camara.leg.br/swagger/api.html?tab=staticfile,Modelo publicado pela Camara; substituir parametros e confirmar arquivo concreto antes da ingestao.
camara,bulk_url_template,deputadosProfissoes,deputadosProfissoes,GET,http://dadosabertos.camara.leg.br/arquivos/deputadosProfissoes/{formato}/deputadosProfissoes.{formato},Definido por {formato}; consultar pagina de origem,"[""formato""]",,,Consultar metadados do conjunto,Consultar metadados do conjunto,docs/chaves_relacionamentos.md (exploratorio),2026-10-09T13:52:35+00:00,https://dadosabertos.camara.leg.br/swagger/api.html?tab=staticfile,Modelo publicado pela Camara; substituir parametros e confirmar arquivo concreto antes da ingestao.
camara,bulk_url_template,eventos,eventos,GET,http://dadosabertos.camara.leg.br/arquivos/eventos/{formato}/eventos-{ano}.{formato},Definido por {formato}; consultar pagina de origem,"[""ano"", ""formato""]",,,Por {ano},Consultar metadados do conjunto,docs/chaves_relacionamentos.md (exploratorio),2026-10-09T13:52:35+00:00,https://dadosabertos.camara.leg.br/swagger/api.html?tab=staticfile,Modelo publicado pela Camara; substituir parametros e confirmar arquivo concreto antes da ingestao.
camara,bulk_url_template,eventosOrgaos,eventosOrgaos,GET,http://dadosabertos.camara.leg.br/arquivos/eventosOrgaos/{formato}/eventosOrgaos-{ano}.{formato},Definido por {formato}; consultar pagina de origem,"[""ano"", ""formato""]",,,Por {ano},Consultar metadados do conjunto,docs/chaves_relacionamentos.md (exploratorio),2026-10-09T13:52:35+00:00,https://dadosabertos.camara.leg.br/swagger/api.html?tab=staticfile,Modelo publicado pela Camara; substituir parametros e confirmar arquivo concreto antes da ingestao.
camara,bulk_url_template,eventosPresencaDeputados,eventosPresencaDeputados,GET,http://dadosabertos.camara.leg.br/arquivos/eventosPresencaDeputados/{formato}/eventosPresencaDeputados-{ano}.{formato},Definido por {formato}; consultar pagina de origem,"[""ano"", ""formato""]",,,Por {ano},Consultar metadados do conjunto,docs/chaves_relacionamentos.md (exploratorio),2026-10-09T13:52:35+00:00,https://dadosabertos.camara.leg.br/swagger/api.html?tab=staticfile,Modelo publicado pela Camara; substituir parametros e confirmar arquivo concreto antes da ingestao.
camara,bulk_url_template,eventosRequerimentos,eventosRequerimentos,GET,http://dadosabertos.camara.leg.br/arquivos/eventosRequerimentos/{formato}/eventosRequerimentos-{ano}.{formato},Definido por {formato}; consultar pagina de origem,"[""ano"", ""formato""]",,,Por {ano},Consultar metadados do conjunto,docs/chaves_relacionamentos.md (exploratorio),2026-10-09T13:52:35+00:00,https://dadosabertos.camara.leg.br/swagger/api.html?tab=staticfile,Modelo publicado pela Camara; substituir parametros e confirmar arquivo concreto antes da ingestao.
camara,bulk_url_template,frentes,frentes,GET,http://dadosabertos.camara.leg.br/arquivos/frentes/{formato}/frentes.{formato},Definido por {formato}; consultar pagina de origem,"[""formato""]",,,Consultar metadados do conjunto,Consultar metadados do conjunto,docs/chaves_relacionamentos.md (exploratorio),2026-10-09T13:52:35+00:00,https://dadosabertos.camara.leg.br/swagger/api.html?tab=staticfile,Modelo publicado pela Camara; substituir parametros e confirmar arquivo concreto antes da ingestao.
camara,bulk_url_template,frentesDeputados,frentesDeputados,GET,http://dadosabertos.camara.leg.br/arquivos/frentesDeputados/{formato}/frentesDeputados.{formato},Definido por {formato}; consultar pagina de origem,"[""formato""]",,,Consultar metadados do conjunto,Consultar metadados do conjunto,docs/chaves_relacionamentos.md (exploratorio),2026-10-09T13:52:35+00:00,https://dadosabertos.camara.leg.br/swagger/api.html?tab=staticfile,Modelo publicado pela Camara; substituir parametros e confirmar arquivo concreto antes da ingestao.
camara,bulk_url_template,funcionarios,funcionarios,GET,http://dadosabertos.camara.leg.br/arquivos/funcionarios/{formato}/funcionarios.{formato},Definido por {formato}; consultar pagina de origem,"[""formato""]",,,Consultar metadados do conjunto,Consultar metadados do conjunto,docs/chaves_relacionamentos.md (exploratorio),2026-10-09T13:52:35+00:00,https://dadosabertos.camara.leg.br/swagger/api.html?tab=staticfile,Modelo publicado pela Camara; substituir parametros e confirmar arquivo concreto antes da ingestao.
camara,bulk_url_template,grupos,grupos,GET,http://dadosabertos.camara.leg.br/arquivos/grupos/{formato}/grupos.{formato},Definido por {formato}; consultar pagina de origem,"[""formato""]",,,Consultar metadados do conjunto,Consultar metadados do conjunto,docs/chaves_relacionamentos.md (exploratorio),2026-10-09T13:52:35+00:00,https://dadosabertos.camara.leg.br/swagger/api.html?tab=staticfile,Modelo publicado pela Camara; substituir parametros e confirmar arquivo concreto antes da ingestao.
camara,bulk_url_template,gruposHistorico,gruposHistorico,GET,http://dadosabertos.camara.leg.br/arquivos/gruposHistorico/{formato}/gruposHistorico.{formato},Definido por {formato}; consultar pagina de origem,"[""formato""]",,,Consultar metadados do conjunto,Consultar metadados do conjunto,docs/chaves_relacionamentos.md (exploratorio),2026-10-09T13:52:35+00:00,https://dadosabertos.camara.leg.br/swagger/api.html?tab=staticfile,Modelo publicado pela Camara; substituir parametros e confirmar arquivo concreto antes da ingestao.
camara,bulk_url_template,gruposMembros,gruposMembros,GET,http://dadosabertos.camara.leg.br/arquivos/gruposMembros/{formato}/gruposMembros.{formato},Definido por {formato}; consultar pagina de origem,"[""formato""]",,,Consultar metadados do conjunto,Consultar metadados do conjunto,docs/chaves_relacionamentos.md (exploratorio),2026-10-09T13:52:35+00:00,https://dadosabertos.camara.leg.br/swagger/api.html?tab=staticfile,Modelo publicado pela Camara; substituir parametros e confirmar arquivo concreto antes da ingestao.
camara,bulk_url_template,legislaturas,legislaturas,GET,http://dadosabertos.camara.leg.br/arquivos/legislaturas/{formato}/legislaturas.{formato},Definido por {formato}; consultar pagina de origem,"[""formato""]",,,Consultar metadados do conjunto,Consultar metadados do conjunto,docs/chaves_relacionamentos.md (exploratorio),2026-10-09T13:52:35+00:00,https://dadosabertos.camara.leg.br/swagger/api.html?tab=staticfile,Modelo publicado pela Camara; substituir parametros e confirmar arquivo concreto antes da ingestao.
camara,bulk_url_template,legislaturasMesas,legislaturasMesas,GET,http://dadosabertos.camara.leg.br/arquivos/legislaturasMesas/{formato}/legislaturasMesas.{formato},Definido por {formato}; consultar pagina de origem,"[""formato""]",,,Consultar metadados do conjunto,Consultar metadados do conjunto,docs/chaves_relacionamentos.md (exploratorio),2026-10-09T13:52:35+00:00,https://dadosabertos.camara.leg.br/swagger/api.html?tab=staticfile,Modelo publicado pela Camara; substituir parametros e confirmar arquivo concreto antes da ingestao.
camara,bulk_url_template,licitacoes,licitacoes,GET,http://dadosabertos.camara.leg.br/arquivos/licitacoes/{formato}/licitacoes-{ano}.{formato},Definido por {formato}; consultar pagina de origem,"[""ano"", ""formato""]",,,Por {ano},Consultar metadados do conjunto,docs/chaves_relacionamentos.md (exploratorio),2026-10-09T13:52:35+00:00,https://dadosabertos.camara.leg.br/swagger/api.html?tab=staticfile,Modelo publicado pela Camara; substituir parametros e confirmar arquivo concreto antes da ingestao.
camara,bulk_url_template,licitacoesContratos,licitacoesContratos,GET,http://dadosabertos.camara.leg.br/arquivos/licitacoesContratos/{formato}/licitacoesContratos-{ano}.{formato},Definido por {formato}; consultar pagina de origem,"[""ano"", ""formato""]",,,Por {ano},Consultar metadados do conjunto,docs/chaves_relacionamentos.md (exploratorio),2026-10-09T13:52:35+00:00,https://dadosabertos.camara.leg.br/swagger/api.html?tab=staticfile,Modelo publicado pela Camara; substituir parametros e confirmar arquivo concreto antes da ingestao.
camara,bulk_url_template,licitacoesItens,licitacoesItens,GET,http://dadosabertos.camara.leg.br/arquivos/licitacoesItens/{formato}/licitacoesItens-{ano}.{formato},Definido por {formato}; consultar pagina de origem,"[""ano"", ""formato""]",,,Por {ano},Consultar metadados do conjunto,docs/chaves_relacionamentos.md (exploratorio),2026-10-09T13:52:35+00:00,https://dadosabertos.camara.leg.br/swagger/api.html?tab=staticfile,Modelo publicado pela Camara; substituir parametros e confirmar arquivo concreto antes da ingestao.
camara,bulk_url_template,licitacoesPedidos,licitacoesPedidos,GET,http://dadosabertos.camara.leg.br/arquivos/licitacoesPedidos/{formato}/licitacoesPedidos-{ano}.{formato},Definido por {formato}; consultar pagina de origem,"[""ano"", ""formato""]",,,Por {ano},Consultar metadados do conjunto,docs/chaves_relacionamentos.md (exploratorio),2026-10-09T13:52:35+00:00,https://dadosabertos.camara.leg.br/swagger/api.html?tab=staticfile,Modelo publicado pela Camara; substituir parametros e confirmar arquivo concreto antes da ingestao.
camara,bulk_url_template,licitacoesPropostas,licitacoesPropostas,GET,http://dadosabertos.camara.leg.br/arquivos/licitacoesPropostas/{formato}/licitacoesPropostas-{ano}.{formato},Definido por {formato}; consultar pagina de origem,"[""ano"", ""formato""]",,,Por {ano},Consultar metadados do conjunto,docs/chaves_relacionamentos.md (exploratorio),2026-10-09T13:52:35+00:00,https://dadosabertos.camara.leg.br/swagger/api.html?tab=staticfile,Modelo publicado pela Camara; substituir parametros e confirmar arquivo concreto antes da ingestao.
camara,bulk_url_template,orgaos,orgaos,GET,http://dadosabertos.camara.leg.br/arquivos/orgaos/{formato}/orgaos.{formato},Definido por {formato}; consultar pagina de origem,"[""formato""]",,,Consultar metadados do conjunto,Consultar metadados do conjunto,docs/chaves_relacionamentos.md (exploratorio),2026-10-09T13:52:35+00:00,https://dadosabertos.camara.leg.br/swagger/api.html?tab=staticfile,Modelo publicado pela Camara; substituir parametros e confirmar arquivo concreto antes da ingestao.
camara,bulk_url_template,orgaosDeputados,orgaosDeputados,GET,http://dadosabertos.camara.leg.br/arquivos/orgaosDeputados/{formato}/orgaosDeputados-L{legislatura}.{formato},Definido por {formato}; consultar pagina de origem,"[""formato"", ""legislatura""]",,,Consultar metadados do conjunto,Consultar metadados do conjunto,docs/chaves_relacionamentos.md (exploratorio),2026-10-09T13:52:35+00:00,https://dadosabertos.camara.leg.br/swagger/api.html?tab=staticfile,Modelo publicado pela Camara; substituir parametros e confirmar arquivo concreto antes da ingestao.
camara,bulk_url_template,proposicoes,proposicoes,GET,http://dadosabertos.camara.leg.br/arquivos/proposicoes/{formato}/proposicoes-{ano}.{formato},Definido por {formato}; consultar pagina de origem,"[""ano"", ""formato""]",,,Por {ano},Consultar metadados do conjunto,docs/chaves_relacionamentos.md (exploratorio),2026-10-09T13:52:35+00:00,https://dadosabertos.camara.leg.br/swagger/api.html?tab=staticfile,Modelo publicado pela Camara; substituir parametros e confirmar arquivo concreto antes da ingestao.
camara,bulk_url_template,proposicoesAutores,proposicoesAutores,GET,http://dadosabertos.camara.leg.br/arquivos/proposicoesAutores/{formato}/proposicoesAutores-{ano}.{formato},Definido por {formato}; consultar pagina de origem,"[""ano"", ""formato""]",,,Por {ano},Consultar metadados do conjunto,docs/chaves_relacionamentos.md (exploratorio),2026-10-09T13:52:35+00:00,https://dadosabertos.camara.leg.br/swagger/api.html?tab=staticfile,Modelo publicado pela Camara; substituir parametros e confirmar arquivo concreto antes da ingestao.
camara,bulk_url_template,proposicoesTemas,proposicoesTemas,GET,http://dadosabertos.camara.leg.br/arquivos/proposicoesTemas/{formato}/proposicoesTemas-{ano}.{formato},Definido por {formato}; consultar pagina de origem,"[""ano"", ""formato""]",,,Por {ano},Consultar metadados do conjunto,docs/chaves_relacionamentos.md (exploratorio),2026-10-09T13:52:35+00:00,https://dadosabertos.camara.leg.br/swagger/api.html?tab=staticfile,Modelo publicado pela Camara; substituir parametros e confirmar arquivo concreto antes da ingestao.
camara,bulk_url_template,tecadCategorias,tecadCategorias,GET,http://dadosabertos.camara.leg.br/arquivos/tecadCategorias/{formato}/tecadCategorias.{formato},Definido por {formato}; consultar pagina de origem,"[""formato""]",,,Consultar metadados do conjunto,Consultar metadados do conjunto,docs/chaves_relacionamentos.md (exploratorio),2026-10-09T13:52:35+00:00,https://dadosabertos.camara.leg.br/swagger/api.html?tab=staticfile,Modelo publicado pela Camara; substituir parametros e confirmar arquivo concreto antes da ingestao.
camara,bulk_url_template,tecadTermos,tecadTermos,GET,http://dadosabertos.camara.leg.br/arquivos/tecadTermos/{formato}/tecadTermos.{formato},Definido por {formato}; consultar pagina de origem,"[""formato""]",,,Consultar metadados do conjunto,Consultar metadados do conjunto,docs/chaves_relacionamentos.md (exploratorio),2026-10-09T13:52:35+00:00,https://dadosabertos.camara.leg.br/swagger/api.html?tab=staticfile,Modelo publicado pela Camara; substituir parametros e confirmar arquivo concreto antes da ingestao.
camara,bulk_url_template,votacoes,votacoes,GET,http://dadosabertos.camara.leg.br/arquivos/votacoes/{formato}/votacoes-{ano}.{formato},Definido por {formato}; consultar pagina de origem,"[""ano"", ""formato""]",,,Por {ano},Consultar metadados do conjunto,docs/chaves_relacionamentos.md (exploratorio),2026-10-09T13:52:35+00:00,https://dadosabertos.camara.leg.br/swagger/api.html?tab=staticfile,Modelo publicado pela Camara; substituir parametros e confirmar arquivo concreto antes da ingestao.
camara,bulk_url_template,votacoesObjetos,votacoesObjetos,GET,http://dadosabertos.camara.leg.br/arquivos/votacoesObjetos/{formato}/votacoesObjetos-{ano}.{formato},Definido por {formato}; consultar pagina de origem,"[""ano"", ""formato""]",,,Por {ano},Consultar metadados do conjunto,docs/chaves_relacionamentos.md (exploratorio),2026-10-09T13:52:35+00:00,https://dadosabertos.camara.leg.br/swagger/api.html?tab=staticfile,Modelo publicado pela Camara; substituir parametros e confirmar arquivo concreto antes da ingestao.
camara,bulk_url_template,votacoesOrientacoes,votacoesOrientacoes,GET,http://dadosabertos.camara.leg.br/arquivos/votacoesOrientacoes/{formato}/votacoesOrientacoes-{ano}.{formato},Definido por {formato}; consultar pagina de origem,"[""ano"", ""formato""]",,,Por {ano},Consultar metadados do conjunto,docs/chaves_relacionamentos.md (exploratorio),2026-10-09T13:52:35+00:00,https://dadosabertos.camara.leg.br/swagger/api.html?tab=staticfile,Modelo publicado pela Camara; substituir parametros e confirmar arquivo concreto antes da ingestao.
camara,bulk_url_template,votacoesProposicoes,votacoesProposicoes,GET,http://dadosabertos.camara.leg.br/arquivos/votacoesProposicoes/{formato}/votacoesProposicoes-{ano}.{formato},Definido por {formato}; consultar pagina de origem,"[""ano"", ""formato""]",,,Por {ano},Consultar metadados do conjunto,docs/chaves_relacionamentos.md (exploratorio),2026-10-09T13:52:35+00:00,https://dadosabertos.camara.leg.br/swagger/api.html?tab=staticfile,Modelo publicado pela Camara; substituir parametros e confirmar arquivo concreto antes da ingestao.
camara,bulk_url_template,votacoesVotos,votacoesVotos,GET,http://dadosabertos.camara.leg.br/arquivos/votacoesVotos/{formato}/votacoesVotos-{ano}.{formato},Definido por {formato}; consultar pagina de origem,"[""ano"", ""formato""]",,,Por {ano},Consultar metadados do conjunto,docs/chaves_relacionamentos.md (exploratorio),2026-10-09T13:52:35+00:00,https://dadosabertos.camara.leg.br/swagger/api.html?tab=staticfile,Modelo publicado pela Camara; substituir parametros e confirmar arquivo concreto antes da ingestao.
senado,api_endpoint,Comissão,Obtém a Agenda das Comissões do Congresso Nacional dos próximos 30 dias a partir da data atual. (Formato iCal),GET,https://legis.senado.leg.br/dadosabertos/comissao/agenda/atual/iCal,text/calendar,[],"{""type"":""string"",""format"":""binary""}",false,Nao declarada de forma uniforme na especificacao OpenAPI,Nao declarada de forma uniforme na especificacao OpenAPI,docs/chaves_relacionamentos.md (exploratorio),2026-10-09T13:52:33+00:00,https://legis.senado.leg.br/dadosabertos/v3/api-docs,"Paginacao, filtros, autenticacao e limites devem ser interpretados pela especificacao; nao coletar sem escopo."
senado,api_endpoint,Comissão,Agenda das Reuniões de Comissão no mês informado,GET,https://legis.senado.leg.br/dadosabertos/comissao/agenda/mes/{mesReferencia},application/xml; application/json,"[{""name"":""mesReferencia"",""in"":""path"",""description"":""Mês de referência"",""required"":true,""schema"":{""type"":""string""},""example"":202412},{""name"":""v"",""in"":""query"",""description"":""Versão do serviço. Exemplificada a última disponível."",""required"":false,""schema"":{""type"":""integer"",""format"":""int32"",""default"":2},""example"":2}]","{""type"":""array"",""items"":{""$ref"":""#/components/schemas/DataBuffer""}}",false,Nao declarada de forma uniforme na especificacao OpenAPI,Nao declarada de forma uniforme na especificacao OpenAPI,docs/chaves_relacionamentos.md (exploratorio),2026-10-09T13:52:33+00:00,https://legis.senado.leg.br/dadosabertos/v3/api-docs,"Paginacao, filtros, autenticacao e limites devem ser interpretados pela especificacao; nao coletar sem escopo."
senado,api_endpoint,Comissão,Agenda das Reuniões de Comissão,GET,https://legis.senado.leg.br/dadosabertos/comissao/agenda/{dataInicio}/{dataFim},application/xml; application/json,"[{""name"":""dataInicio"",""in"":""path"",""description"":""Data de início do período"",""required"":true,""schema"":{""type"":""string"",""format"":""date""},""example"":20241210},{""name"":""dataFim"",""in"":""path"",""description"":""Data de fim do período"",""required"":true,""schema"":{""type"":""string"",""format"":""date""},""example"":20241220},{""name"":""v"",""in"":""query"",""description"":""Versão do serviço. Exemplificada a última disponível."",""required"":false,""schema"":{""type"":""integer"",""format"":""int32"",""default"":2},""example"":2}]","{""type"":""array"",""items"":{""$ref"":""#/components/schemas/DataBuffer""}}",false,Nao declarada de forma uniforme na especificacao OpenAPI,Nao declarada de forma uniforme na especificacao OpenAPI,docs/chaves_relacionamentos.md (exploratorio),2026-10-09T13:52:33+00:00,https://legis.senado.leg.br/dadosabertos/v3/api-docs,"Paginacao, filtros, autenticacao e limites devem ser interpretados pela especificacao; nao coletar sem escopo."
senado,api_endpoint,Comissão,Agenda das Reuniões de Comissão,GET,https://legis.senado.leg.br/dadosabertos/comissao/agenda/{dataReferencia},application/xml; application/json,"[{""name"":""dataReferencia"",""in"":""path"",""description"":""Data de referência"",""required"":true,""schema"":{""type"":""string"",""format"":""date""},""example"":20241218},{""name"":""v"",""in"":""query"",""description"":""Versão do serviço. Exemplificada a última disponível."",""required"":false,""schema"":{""type"":""integer"",""format"":""int32"",""default"":2},""example"":2}]","{""type"":""array"",""items"":{""$ref"":""#/components/schemas/DataBuffer""}}",false,Nao declarada de forma uniforme na especificacao OpenAPI,Nao declarada de forma uniforme na especificacao OpenAPI,docs/chaves_relacionamentos.md (exploratorio),2026-10-09T13:52:33+00:00,https://legis.senado.leg.br/dadosabertos/v3/api-docs,"Paginacao, filtros, autenticacao e limites devem ser interpretados pela especificacao; nao coletar sem escopo."
senado,api_endpoint,Comissão,Lista Requerimentos de CPI. Exclusivo para CPIs,GET,https://legis.senado.leg.br/dadosabertos/comissao/cpi/{comissao}/requerimentos,application/json,"[{""name"":""comissao"",""in"":""path"",""description"":""Sigla da comissão"",""required"":true,""schema"":{""type"":""string""},""example"":""cpibets""},{""name"":""pagina"",""in"":""query"",""description"":""(obrigatório) - Número da página da lista de Requerimentos. Se não informado assume 0."",""required"":false,""schema"":{""type"":""integer"",""format"":""int32"",""default"":0},""example"":1},{""name"":""tamanho"",""in"":""query"",""description"":""(opcional) - Tamanho da página. É o número de registros retornados por página. Valor padrão 20. Valor permitido de 5 a 30."",""required"":false,""schema"":{""type"":""integer"",""format"":""int32"",""default"":20},""example"":20}]","{""type"":""string""}",false,Nao declarada de forma uniforme na especificacao OpenAPI,Nao declarada de forma uniforme na especificacao OpenAPI,docs/chaves_relacionamentos.md (exploratorio),2026-10-09T13:52:33+00:00,https://legis.senado.leg.br/dadosabertos/v3/api-docs,"Paginacao, filtros, autenticacao e limites devem ser interpretados pela especificacao; nao coletar sem escopo."
senado,api_endpoint,Comissão,Obtém a Lista geral de Colegiados EM ATIVIDADE no Congresso Nacional,GET,https://legis.senado.leg.br/dadosabertos/comissao/lista/colegiados,,[],{},false,Nao declarada de forma uniforme na especificacao OpenAPI,Nao declarada de forma uniforme na especificacao OpenAPI,docs/chaves_relacionamentos.md (exploratorio),2026-10-09T13:52:33+00:00,https://legis.senado.leg.br/dadosabertos/v3/api-docs,"Paginacao, filtros, autenticacao e limites devem ser interpretados pela especificacao; nao coletar sem escopo."
senado,api_endpoint,Comissão,Comissões Mistas atuais do Congresso Nacional,GET,https://legis.senado.leg.br/dadosabertos/comissao/lista/mistas,,[],{},false,Nao declarada de forma uniforme na especificacao OpenAPI,Nao declarada de forma uniforme na especificacao OpenAPI,docs/chaves_relacionamentos.md (exploratorio),2026-10-09T13:52:33+00:00,https://legis.senado.leg.br/dadosabertos/v3/api-docs,"Paginacao, filtros, autenticacao e limites devem ser interpretados pela especificacao; nao coletar sem escopo."
senado,api_endpoint,Comissão,Obtém a Lista de Tipos de Colegiado do Senado Federal e Congresso Nacional,GET,https://legis.senado.leg.br/dadosabertos/comissao/lista/tiposColegiado,,[],{},false,Nao declarada de forma uniforme na especificacao OpenAPI,Nao declarada de forma uniforme na especificacao OpenAPI,docs/chaves_relacionamentos.md (exploratorio),2026-10-09T13:52:33+00:00,https://legis.senado.leg.br/dadosabertos/v3/api-docs,"Paginacao, filtros, autenticacao e limites devem ser interpretados pela especificacao; nao coletar sem escopo."
senado,api_endpoint,Comissão,Lista de Colegiados do Senado Federal (por tipo),GET,https://legis.senado.leg.br/dadosabertos/comissao/lista/{tipo},application/xml; application/json; text/csv,"[{""name"":""tipo"",""in"":""path"",""description"":""Tipo do Colegiado: permanente|cpi|temporaria|orgaos"",""required"":true,""schema"":{""type"":""string""},""example"":""permanente""},{""name"":""v"",""in"":""query"",""description"":""Versão do serviço. Exemplificada a última disponível."",""required"":false,""schema"":{""type"":""integer"",""format"":""int32"",""default"":1},""example"":1}]","{""type"":""string""}",false,Nao declarada de forma uniforme na especificacao OpenAPI,Nao declarada de forma uniforme na especificacao OpenAPI,docs/chaves_relacionamentos.md (exploratorio),2026-10-09T13:52:33+00:00,https://legis.senado.leg.br/dadosabertos/v3/api-docs,"Paginacao, filtros, autenticacao e limites devem ser interpretados pela especificacao; nao coletar sem escopo."
senado,api_endpoint,Comissão,Informações detalhadas da Reunião de Comissão,GET,https://legis.senado.leg.br/dadosabertos/comissao/reuniao/{codigoReuniao},application/xml; application/json; text/csv,"[{""name"":""codigoReuniao"",""in"":""path"",""description"":""Código da Reunião"",""required"":true,""schema"":{""type"":""integer"",""format"":""int64""},""example"":1500},{""name"":""v"",""in"":""query"",""description"":""Versão do serviço. Exemplificada a última disponível."",""required"":false,""schema"":{""type"":""integer"",""format"":""int32"",""default"":2},""example"":2}]","{""type"":""string""}",false,Nao declarada de forma uniforme na especificacao OpenAPI,Nao declarada de forma uniforme na especificacao OpenAPI,docs/chaves_relacionamentos.md (exploratorio),2026-10-09T13:52:33+00:00,https://legis.senado.leg.br/dadosabertos/v3/api-docs,"Paginacao, filtros, autenticacao e limites devem ser interpretados pela especificacao; nao coletar sem escopo."
senado,api_endpoint,Comissão,Link para um documento da última Reunião de uma Comissão,GET,https://legis.senado.leg.br/dadosabertos/comissao/reuniao/{sigla}/documento/{tipoDocumento},,"[{""name"":""sigla"",""in"":""path"",""description"":""Sigla da Comissão"",""required"":true,""schema"":{""type"":""string""},""example"":""CAE""},{""name"":""tipoDocumento"",""in"":""path"",""description"":""Tipo do documento (pauta|pautacheia|resultado)"",""required"":true,""schema"":{""type"":""string""},""example"":""pauta""}]",{},false,Nao declarada de forma uniforme na especificacao OpenAPI,Nao declarada de forma uniforme na especificacao OpenAPI,docs/chaves_relacionamentos.md (exploratorio),2026-10-09T13:52:33+00:00,https://legis.senado.leg.br/dadosabertos/v3/api-docs,"Paginacao, filtros, autenticacao e limites devem ser interpretados pela especificacao; nao coletar sem escopo."
senado,api_endpoint,Comissão,Detalhes de um Colegiado do Congresso Nacional,GET,https://legis.senado.leg.br/dadosabertos/comissao/{codigo},application/xml; application/json; text/csv,"[{""name"":""codigo"",""in"":""path"",""description"":""Código do Colegiado (Comissão)"",""required"":true,""schema"":{""type"":""integer"",""format"":""int64""},""example"":449},{""name"":""v"",""in"":""query"",""description"":""Versão do serviço. Exemplificada a última disponível."",""required"":false,""schema"":{""type"":""integer"",""format"":""int32"",""default"":3},""example"":3}]","{""type"":""string""}",false,Nao declarada de forma uniforme na especificacao OpenAPI,Nao declarada de forma uniforme na especificacao OpenAPI,docs/chaves_relacionamentos.md (exploratorio),2026-10-09T13:52:33+00:00,https://legis.senado.leg.br/dadosabertos/v3/api-docs,"Paginacao, filtros, autenticacao e limites devem ser interpretados pela especificacao; nao coletar sem escopo."
senado,api_endpoint,Comissão,(DEPRECATED) Obtém os documentos apresentados em um Colegiado,GET,https://legis.senado.leg.br/dadosabertos/comissao/{comissao}/documentos,application/xml; application/json; text/csv,"[{""name"":""comissao"",""in"":""path"",""description"":""Sigla do Colegiado (Comissão)"",""required"":true,""schema"":{""type"":""string""},""example"":""cpipandemia""},{""name"":""tipo"",""in"":""query"",""description"":""Sigla do tipo de identificação do documento"",""required"":false,""schema"":{""type"":""string""},""example"":""REQ""},{""name"":""dataInicio"",""in"":""query"",""description"":""    Data de início do período da pesquisa no formato AAAAMMDD.\n    Se não for informada, dataInicio = data atual - 1 mês\n"",""required"":false,""schema"":{""type"":""string"",""format"":""date""},""example"":20210501},{""name"":""dataFim"",""in"":""query"",""description"":""    Data de fim do período da pesquisa no formato AAAAMMDD.\n    Se não for informada, dataFim = data atual\n"",""required"":false,""schema"":{""type"":""string"",""format"":""date""},""example"":20210531},{""name"":""v"",""in"":""query"",""description"":""Versão do serviço. Exemplificada a última disponível."",""required"":false,""schema"":{""type"":""integer"",""format"":""int32""},""example"":1}]","{""type"":""string""}",true,Nao declarada de forma uniforme na especificacao OpenAPI,Nao declarada de forma uniforme na especificacao OpenAPI,docs/chaves_relacionamentos.md (exploratorio),2026-10-09T13:52:33+00:00,https://legis.senado.leg.br/dadosabertos/v3/api-docs,"Paginacao, filtros, autenticacao e limites devem ser interpretados pela especificacao; nao coletar sem escopo."
senado,api_endpoint,Comissão; Discurso,Notas Taquigráficas da Reunião de Comissão,GET,https://legis.senado.leg.br/dadosabertos/comissao/reuniao/notas/{codigoReuniao},application/xml; application/json; text/csv,"[{""name"":""codigoReuniao"",""in"":""path"",""description"":""Código da Reunião"",""required"":true,""schema"":{""type"":""integer"",""format"":""int64""},""example"":13219},{""name"":""v"",""in"":""query"",""description"":""Versão do serviço. Exemplificada a última disponível."",""required"":false,""schema"":{""type"":""integer"",""format"":""int32"",""default"":1},""example"":1}]","{""type"":""string""}",false,Nao declarada de forma uniforme na especificacao OpenAPI,Nao declarada de forma uniforme na especificacao OpenAPI,docs/chaves_relacionamentos.md (exploratorio),2026-10-09T13:52:33+00:00,https://legis.senado.leg.br/dadosabertos/v3/api-docs,"Paginacao, filtros, autenticacao e limites devem ser interpretados pela especificacao; nao coletar sem escopo."
senado,api_endpoint,Composição,Composição de um Bloco Parlamentar,GET,https://legis.senado.leg.br/dadosabertos/composicao/bloco/{codigo},application/xml; application/json; text/csv,"[{""name"":""codigo"",""in"":""path"",""description"":""Código do Bloco (vide serviço /composicao/lista/blocos)"",""required"":true,""schema"":{""type"":""integer"",""format"":""int64""},""example"":335},{""name"":""v"",""in"":""query"",""description"":""Versão do serviço. Exemplificada a última disponível."",""required"":false,""schema"":{""type"":""integer"",""format"":""int32"",""default"":1},""example"":1}]","{""type"":""string""}",false,Nao declarada de forma uniforme na especificacao OpenAPI,Nao declarada de forma uniforme na especificacao OpenAPI,docs/chaves_relacionamentos.md (exploratorio),2026-10-09T13:52:33+00:00,https://legis.senado.leg.br/dadosabertos/v3/api-docs,"Paginacao, filtros, autenticacao e limites devem ser interpretados pela especificacao; nao coletar sem escopo."
senado,api_endpoint,Composição,Composição atual de uma Comissão Mista,GET,https://legis.senado.leg.br/dadosabertos/composicao/comissao/atual/mista/{codigo},application/xml; application/json; text/csv,"[{""name"":""codigo"",""in"":""path"",""description"":""Código da Comissão"",""required"":true,""schema"":{""type"":""integer"",""format"":""int64""},""example"":449},{""name"":""v"",""in"":""query"",""description"":""Versão do serviço. Exemplificada a última disponível."",""required"":false,""schema"":{""type"":""integer"",""format"":""int32"",""default"":3},""example"":3}]","{""type"":""string""}",false,Nao declarada de forma uniforme na especificacao OpenAPI,Nao declarada de forma uniforme na especificacao OpenAPI,docs/chaves_relacionamentos.md (exploratorio),2026-10-09T13:52:33+00:00,https://legis.senado.leg.br/dadosabertos/v3/api-docs,"Paginacao, filtros, autenticacao e limites devem ser interpretados pela especificacao; nao coletar sem escopo."
senado,api_endpoint,Composição,Composição resumida de uma Comissão Mista em determinado período,GET,https://legis.senado.leg.br/dadosabertos/composicao/comissao/resumida/mista/{codigo}/{dataInicio}/{dataFim},application/xml; application/json; text/csv,"[{""name"":""codigo"",""in"":""path"",""description"":""Código da Comissão"",""required"":true,""schema"":{""type"":""integer"",""format"":""int64""},""example"":1664},{""name"":""dataInicio"",""in"":""path"",""description"":""Data de início do período no formato AAAAMMDD"",""required"":true,""schema"":{""type"":""string""},""example"":20240518},{""name"":""dataFim"",""in"":""path"",""description"":""Data de fim do período no formato AAAAMMDD"",""required"":true,""schema"":{""type"":""string""},""example"":20240518},{""name"":""v"",""in"":""query"",""description"":""Versão do serviço. Exemplificada a última disponível."",""required"":false,""schema"":{""type"":""integer"",""format"":""int32"",""default"":3},""example"":3}]","{""type"":""string""}",false,Nao declarada de forma uniforme na especificacao OpenAPI,Nao declarada de forma uniforme na especificacao OpenAPI,docs/chaves_relacionamentos.md (exploratorio),2026-10-09T13:52:33+00:00,https://legis.senado.leg.br/dadosabertos/v3/api-docs,"Paginacao, filtros, autenticacao e limites devem ser interpretados pela especificacao; nao coletar sem escopo."
senado,api_endpoint,Composição,Última Composição de uma Comissão do Senado Federal,GET,https://legis.senado.leg.br/dadosabertos/composicao/comissao/{codigo},application/xml; application/json; text/csv,"[{""name"":""codigo"",""in"":""path"",""description"":""Código da Comissão"",""required"":true,""schema"":{""type"":""integer"",""format"":""int32""},""example"":34},{""name"":""ativas"",""in"":""query"",""description"":""Para vagas ativas apenas (S). Para todas, não informe este parâmetro"",""required"":true,""schema"":{""type"":""string""},""example"":""S""},{""name"":""v"",""in"":""query"",""description"":""Versão do serviço. Exemplificada a última disponível."",""required"":false,""schema"":{""type"":""integer"",""format"":""int32"",""default"":3},""example"":3}]","{""type"":""string""}",false,Nao declarada de forma uniforme na especificacao OpenAPI,Nao declarada de forma uniforme na especificacao OpenAPI,docs/chaves_relacionamentos.md (exploratorio),2026-10-09T13:52:33+00:00,https://legis.senado.leg.br/dadosabertos/v3/api-docs,"Paginacao, filtros, autenticacao e limites devem ser interpretados pela especificacao; nao coletar sem escopo."
senado,api_endpoint,Composição,"Lista Lideranças do Senado Federal, Congresso Nacional e Câmara dos Deputados",GET,https://legis.senado.leg.br/dadosabertos/composicao/lideranca,application/json; application/x-ndjson; application/xml; text/csv,"[{""name"":""codigo"",""in"":""query"",""description"":""Codigo da liderança"",""required"":false,""schema"":{""type"":""integer"",""format"":""int64""}},{""name"":""casa"",""in"":""query"",""description"":""Casa da liderança (CN, CD ou SF)"",""required"":false,""schema"":{""type"":""string""}},{""name"":""idTipoUnidadeLideranca"",""in"":""query"",""description"":""ID do tipo de unidade de liderança - veja a lista de tipos em /lideranca/tipos-unidade"",""required"":false,""schema"":{""type"":""integer"",""format"":""int32""}},{""name"":""codigoParlamentar"",""in"":""query"",""description"":""Código do parlamentar"",""required"":false,""schema"":{""type"":""integer"",""format"":""int64""}},{""name"":""vigente"",""in"":""query"",""description"":""'S' - Vigentes, 'N' - Encerradas, Em branco - Todas"",""required"":false,""schema"":{""type"":""string""}},{""name"":""dataInicio"",""in"":""query"",""description"":""Lideranças designadas a partir desta data, no formato AAAA-MM-DD"",""required"":false,""schema"":{""type"":""string"",""format"":""date""}},{""name"":""dataFim"",""in"":""query"",""description"":""Lideranças designadas até esta data, no formato AAAA-MM-DD"",""required"":false,""schema"":{""type"":""string"",""format"":""date""}},{""name"":""siglaTipoLideranca"",""in"":""query"",""description"":""Sigla do tipo de liderança - veja a lista de tipos em /lideranca/tipos"",""required"":false,""schema"":{""type"":""string""}},{""name"":""codigoPartido"",""in"":""query"",""description"":""Código do partido"",""required"":false,""schema"":{""type"":""integer"",""format"":""int64""}},{""name"":""codigoBloco"",""in"":""query"",""description"":""Código do bloco"",""required"":false,""schema"":{""type"":""integer"",""format"":""int64""}},{""name"":""v"",""in"":""query"",""description"":""Versão do serviço. Exemplificada a última disponível."",""required"":false,""schema"":{""type"":""integer"",""format"":""int32""},""example"":1}]","{""type"":""array"",""items"":{""$ref"":""#/components/schemas/lideranca""},""xml"":{""name"":""liderancas"",""wrapped"":true}}",false,Nao declarada de forma uniforme na especificacao OpenAPI,Nao declarada de forma uniforme na especificacao OpenAPI,docs/chaves_relacionamentos.md (exploratorio),2026-10-09T13:52:33+00:00,https://legis.senado.leg.br/dadosabertos/v3/api-docs,"Paginacao, filtros, autenticacao e limites devem ser interpretados pela especificacao; nao coletar sem escopo."
senado,api_endpoint,Composição,Lista Tipos de Lideranças,GET,https://legis.senado.leg.br/dadosabertos/composicao/lideranca/tipos,application/json; application/xml; text/csv,"[{""name"":""v"",""in"":""query"",""description"":""Versão do serviço. Exemplificada a última disponível."",""required"":false,""schema"":{""type"":""integer"",""format"":""int32"",""default"":1},""example"":1}]","{""type"":""string""}",false,Nao declarada de forma uniforme na especificacao OpenAPI,Nao declarada de forma uniforme na especificacao OpenAPI,docs/chaves_relacionamentos.md (exploratorio),2026-10-09T13:52:33+00:00,https://legis.senado.leg.br/dadosabertos/v3/api-docs,"Paginacao, filtros, autenticacao e limites devem ser interpretados pela especificacao; nao coletar sem escopo."
senado,api_endpoint,Composição,Lista Tipos de Unidades de Lideranças,GET,https://legis.senado.leg.br/dadosabertos/composicao/lideranca/tipos-unidade,application/json; application/xml; text/csv,"[{""name"":""v"",""in"":""query"",""description"":""Versão do serviço. Exemplificada a última disponível."",""required"":false,""schema"":{""type"":""integer"",""format"":""int32"",""default"":1},""example"":1}]","{""type"":""string""}",false,Nao declarada de forma uniforme na especificacao OpenAPI,Nao declarada de forma uniforme na especificacao OpenAPI,docs/chaves_relacionamentos.md (exploratorio),2026-10-09T13:52:33+00:00,https://legis.senado.leg.br/dadosabertos/v3/api-docs,"Paginacao, filtros, autenticacao e limites devem ser interpretados pela especificacao; nao coletar sem escopo."
senado,api_endpoint,Composição,Obtém a lista e a Composição dos Blocos Parlamentares no Senado Federal,GET,https://legis.senado.leg.br/dadosabertos/composicao/lista/blocos,,[],{},false,Nao declarada de forma uniforme na especificacao OpenAPI,Nao declarada de forma uniforme na especificacao OpenAPI,docs/chaves_relacionamentos.md (exploratorio),2026-10-09T13:52:33+00:00,https://legis.senado.leg.br/dadosabertos/v3/api-docs,"Paginacao, filtros, autenticacao e limites devem ser interpretados pela especificacao; nao coletar sem escopo."
senado,api_endpoint,Composição,Composição das Comissões do Congresso Nacional por tipo,GET,https://legis.senado.leg.br/dadosabertos/composicao/lista/cn/{tipo},application/xml; application/json; text/csv,"[{""name"":""tipo"",""in"":""path"",""description"":""Tipo de comissão: cpmi, veto, permanente, mpv, mistaEspecial, mesa, trabalhoCCS, representativa"",""required"":true,""schema"":{""type"":""string""},""example"":""cpmi""},{""name"":""v"",""in"":""query"",""description"":""Versão do serviço. Exemplificada a última disponível."",""required"":false,""schema"":{""type"":""integer"",""format"":""int32"",""default"":3},""example"":3}]","{""type"":""string""}",false,Nao declarada de forma uniforme na especificacao OpenAPI,Nao declarada de forma uniforme na especificacao OpenAPI,docs/chaves_relacionamentos.md (exploratorio),2026-10-09T13:52:33+00:00,https://legis.senado.leg.br/dadosabertos/v3/api-docs,"Paginacao, filtros, autenticacao e limites devem ser interpretados pela especificacao; nao coletar sem escopo."
senado,api_endpoint,Composição,(DEPRECATED) Obtém a lista das Lideranças em atividade no Congresso Nacional,GET,https://legis.senado.leg.br/dadosabertos/composicao/lista/liderancaCN,,[],{},true,Nao declarada de forma uniforme na especificacao OpenAPI,Nao declarada de forma uniforme na especificacao OpenAPI,docs/chaves_relacionamentos.md (exploratorio),2026-10-09T13:52:33+00:00,https://legis.senado.leg.br/dadosabertos/v3/api-docs,"Paginacao, filtros, autenticacao e limites devem ser interpretados pela especificacao; nao coletar sem escopo."
senado,api_endpoint,Composição,(DEPRECATED) Obtém a lista das Lideranças em atividade no Senado Federal,GET,https://legis.senado.leg.br/dadosabertos/composicao/lista/liderancaSF,,[],{},true,Nao declarada de forma uniforme na especificacao OpenAPI,Nao declarada de forma uniforme na especificacao OpenAPI,docs/chaves_relacionamentos.md (exploratorio),2026-10-09T13:52:33+00:00,https://legis.senado.leg.br/dadosabertos/v3/api-docs,"Paginacao, filtros, autenticacao e limites devem ser interpretados pela especificacao; nao coletar sem escopo."
senado,api_endpoint,Composição,Obtém a lista dos Partidos Políticos em atividade e/ou extintos no Senado Federal,GET,https://legis.senado.leg.br/dadosabertos/composicao/lista/partidos,,[],{},false,Nao declarada de forma uniforme na especificacao OpenAPI,Nao declarada de forma uniforme na especificacao OpenAPI,docs/chaves_relacionamentos.md (exploratorio),2026-10-09T13:52:33+00:00,https://legis.senado.leg.br/dadosabertos/v3/api-docs,"Paginacao, filtros, autenticacao e limites devem ser interpretados pela especificacao; nao coletar sem escopo."
senado,api_endpoint,Composição,Obtém a lista de Tipos de Cargo nas Comissões do Senado Federal e Congresso Nacional,GET,https://legis.senado.leg.br/dadosabertos/composicao/lista/tiposCargo,,[],{},false,Nao declarada de forma uniforme na especificacao OpenAPI,Nao declarada de forma uniforme na especificacao OpenAPI,docs/chaves_relacionamentos.md (exploratorio),2026-10-09T13:52:33+00:00,https://legis.senado.leg.br/dadosabertos/v3/api-docs,"Paginacao, filtros, autenticacao e limites devem ser interpretados pela especificacao; nao coletar sem escopo."
senado,api_endpoint,Composição,Obtém a Composição das Comissões do Senado Federal por tipo de Colegiado,GET,https://legis.senado.leg.br/dadosabertos/composicao/lista/{tipo},,"[{""name"":""tipo"",""in"":""path"",""description"":""Tipo de colegiado conforme opções: cpi|cpmi|permanente|orgaos|temporaria "",""required"":true,""schema"":{""type"":""string""},""example"":""permanente""}]",{},false,Nao declarada de forma uniforme na especificacao OpenAPI,Nao declarada de forma uniforme na especificacao OpenAPI,docs/chaves_relacionamentos.md (exploratorio),2026-10-09T13:52:33+00:00,https://legis.senado.leg.br/dadosabertos/v3/api-docs,"Paginacao, filtros, autenticacao e limites devem ser interpretados pela especificacao; nao coletar sem escopo."
senado,api_endpoint,Composição,Obtém a Composição dos integrantes da Mesa Diretora do Congresso Nacional,GET,https://legis.senado.leg.br/dadosabertos/composicao/mesaCN,,[],{},false,Nao declarada de forma uniforme na especificacao OpenAPI,Nao declarada de forma uniforme na especificacao OpenAPI,docs/chaves_relacionamentos.md (exploratorio),2026-10-09T13:52:33+00:00,https://legis.senado.leg.br/dadosabertos/v3/api-docs,"Paginacao, filtros, autenticacao e limites devem ser interpretados pela especificacao; nao coletar sem escopo."
senado,api_endpoint,Composição,Obtém a Composição dos integrantes da Mesa Diretora do Senado Federal,GET,https://legis.senado.leg.br/dadosabertos/composicao/mesaSF,,[],{},false,Nao declarada de forma uniforme na especificacao OpenAPI,Nao declarada de forma uniforme na especificacao OpenAPI,docs/chaves_relacionamentos.md (exploratorio),2026-10-09T13:52:33+00:00,https://legis.senado.leg.br/dadosabertos/v3/api-docs,"Paginacao, filtros, autenticacao e limites devem ser interpretados pela especificacao; nao coletar sem escopo."
senado,api_endpoint,Discurso,Texto Integral de um Pronunciamento em formato binário,GET,https://legis.senado.leg.br/dadosabertos/discurso/texto-binario/{codigoPronunciamento},*/*,"[{""name"":""codigoPronunciamento"",""in"":""path"",""description"":""Código do Pronunciamento"",""required"":true,""schema"":{""type"":""integer"",""format"":""int64""},""example"":398013}]","{""type"":""string"",""format"":""byte""}",false,Nao declarada de forma uniforme na especificacao OpenAPI,Nao declarada de forma uniforme na especificacao OpenAPI,docs/chaves_relacionamentos.md (exploratorio),2026-10-09T13:52:33+00:00,https://legis.senado.leg.br/dadosabertos/v3/api-docs,"Paginacao, filtros, autenticacao e limites devem ser interpretados pela especificacao; nao coletar sem escopo."
senado,api_endpoint,Discurso,Texto Integral de um Pronunciamento em formato texto plano (txt),GET,https://legis.senado.leg.br/dadosabertos/discurso/texto-integral/{codigoPronunciamento},text/plain,"[{""name"":""codigoPronunciamento"",""in"":""path"",""description"":""Código do Pronunciamento"",""required"":true,""schema"":{""type"":""integer"",""format"":""int64""},""example"":398013}]","{""type"":""string""}",false,Nao declarada de forma uniforme na especificacao OpenAPI,Nao declarada de forma uniforme na especificacao OpenAPI,docs/chaves_relacionamentos.md (exploratorio),2026-10-09T13:52:33+00:00,https://legis.senado.leg.br/dadosabertos/v3/api-docs,"Paginacao, filtros, autenticacao e limites devem ser interpretados pela especificacao; nao coletar sem escopo."
senado,api_endpoint,Discurso,Lista os Tipos de Uso da Palavra (Modalidades de Discursos),GET,https://legis.senado.leg.br/dadosabertos/senador/lista/tiposUsoPalavra,,[],{},false,Nao declarada de forma uniforme na especificacao OpenAPI,Nao declarada de forma uniforme na especificacao OpenAPI,docs/chaves_relacionamentos.md (exploratorio),2026-10-09T13:52:33+00:00,https://legis.senado.leg.br/dadosabertos/v3/api-docs,"Paginacao, filtros, autenticacao e limites devem ser interpretados pela especificacao; nao coletar sem escopo."
senado,api_endpoint,Discurso,Apartes feitos por um Senador,GET,https://legis.senado.leg.br/dadosabertos/senador/{codigo}/apartes,application/xml; application/json; text/csv,"[{""name"":""codigo"",""in"":""path"",""description"":""Código do Senador"",""required"":true,""schema"":{""type"":""integer"",""format"":""int64""},""example"":4763},{""name"":""casa"",""in"":""query"",""description"":""Sigla da Casa onde ocorre o pronunciamento - SF (Senado Federal), CD (Câmara dos Deputados), CN (Congresso Nacional),\nPR (Presidência), CR (Comissão Representativa do Congresso), AC (Assembléia Constituinte)\n"",""required"":false,""schema"":{""type"":""string""},""example"":""SF""},{""name"":""dataInicio"",""in"":""query"",""description"":""Data de início do período da pesquisa no formato AAAAMMDD.\nSe não for informada, dataFim = data atual - 1 mês\n"",""required"":false,""schema"":{""type"":""string"",""format"":""date""},""example"":20150301},{""name"":""dataFim"",""in"":""query"",""description"":""Data de fim do período da pesquisa no formato AAAAMMDD.\nSe não for informada, dataFim = data atual\n"",""required"":false,""schema"":{""type"":""string"",""format"":""date""},""example"":20150331},{""name"":""numeroSessao"",""in"":""query"",""description"":""Número da Sessão Plenária"",""required"":false,""schema"":{""type"":""integer"",""format"":""int64""},""example"":456},{""name"":""tipoSessao"",""in"":""query"",""description"":""Tipo da Sessão Plenária (veja serviço que lista os Tipos de Sessão: /dadosabertos/plenario/tiposSessao)"",""required"":false,""schema"":{""type"":""string""},""example"":""DOR""},{""name"":""v"",""in"":""query"",""description"":""Versão do serviço. Exemplificada a última disponível."",""required"":false,""schema"":{""type"":""integer"",""format"":""int32""},""example"":5}]","{""type"":""string""}",false,Nao declarada de forma uniforme na especificacao OpenAPI,Nao declarada de forma uniforme na especificacao OpenAPI,docs/chaves_relacionamentos.md (exploratorio),2026-10-09T13:52:33+00:00,https://legis.senado.leg.br/dadosabertos/v3/api-docs,"Paginacao, filtros, autenticacao e limites devem ser interpretados pela especificacao; nao coletar sem escopo."
senado,api_endpoint,Discurso,Discursos de um Senador,GET,https://legis.senado.leg.br/dadosabertos/senador/{codigo}/discursos,application/xml; application/json; text/csv,"[{""name"":""codigo"",""in"":""path"",""description"":""Código do Senador"",""required"":true,""schema"":{""type"":""integer"",""format"":""int64""},""example"":5529},{""name"":""casa"",""in"":""query"",""description"":""Sigla da Casa onde ocorre o pronunciamento - SF (Senado Federal), CD (Câmara dos Deputados), CN (Congresso Nacional),\nPR (Presidência), CR (Comissão Representativa do Congresso), AC (Assembléia Constituinte)\n"",""required"":false,""schema"":{""type"":""string""},""example"":""SF""},{""name"":""dataInicio"",""in"":""query"",""description"":""Data de início do período da pesquisa no formato AAAAMMDD.\nSe não for informada, dataFim = data atual - 1 mês\n"",""required"":false,""schema"":{""type"":""string"",""format"":""date""},""example"":20150301},{""name"":""dataFim"",""in"":""query"",""description"":""Data de fim do período da pesquisa no formato AAAAMMDD.\nSe não for informada, dataFim = data atual\n"",""required"":false,""schema"":{""type"":""string"",""format"":""date""},""example"":20150331},{""name"":""numeroSessao"",""in"":""query"",""description"":""Número da Sessão Plenária"",""required"":false,""schema"":{""type"":""integer"",""format"":""int64""},""example"":456},{""name"":""tipoSessao"",""in"":""query"",""description"":""Tipo da Sessão Plenária (veja serviço que lista os Tipos de Sessão: /dadosabertos/plenario/tiposSessao)"",""required"":false,""schema"":{""type"":""string""},""example"":""DOR""},{""name"":""v"",""in"":""query"",""description"":""Versão do serviço. Exemplificada a última disponível."",""required"":false,""schema"":{""type"":""integer"",""format"":""int32""},""example"":5}]","{""type"":""string""}",false,Nao declarada de forma uniforme na especificacao OpenAPI,Nao declarada de forma uniforme na especificacao OpenAPI,docs/chaves_relacionamentos.md (exploratorio),2026-10-09T13:52:33+00:00,https://legis.senado.leg.br/dadosabertos/v3/api-docs,"Paginacao, filtros, autenticacao e limites devem ser interpretados pela especificacao; nao coletar sem escopo."
senado,api_endpoint,Discurso,Notas Taquigráficas de Reuniões de Comissão e/ou outros Colegiados,GET,https://legis.senado.leg.br/dadosabertos/taquigrafia/notas/reuniao/{idReuniao},application/xml; application/json; text/csv,"[{""name"":""idReuniao"",""in"":""path"",""description"":""Código do Encontro Legislativo (Reunião de Colegiado)"",""required"":true,""schema"":{""type"":""integer"",""format"":""int64""},""example"":11762},{""name"":""v"",""in"":""query"",""description"":""Versão do serviço. Exemplificada a última disponível."",""required"":false,""schema"":{""type"":""integer"",""format"":""int32"",""default"":1},""example"":1}]","{""type"":""string""}",false,Nao declarada de forma uniforme na especificacao OpenAPI,Nao declarada de forma uniforme na especificacao OpenAPI,docs/chaves_relacionamentos.md (exploratorio),2026-10-09T13:52:33+00:00,https://legis.senado.leg.br/dadosabertos/v3/api-docs,"Paginacao, filtros, autenticacao e limites devem ser interpretados pela especificacao; nao coletar sem escopo."
senado,api_endpoint,Discurso,Notas Taquigráficas de Sessões Plenárias,GET,https://legis.senado.leg.br/dadosabertos/taquigrafia/notas/sessao/{idSessao},application/xml; application/json; text/csv,"[{""name"":""idSessao"",""in"":""path"",""description"":""Código do Encontro Legislativo (Sessão Plenária)"",""required"":true,""schema"":{""type"":""integer"",""format"":""int64""},""example"":26303},{""name"":""v"",""in"":""query"",""description"":""Versão do serviço. Exemplificada a última disponível."",""required"":false,""schema"":{""type"":""integer"",""format"":""int32"",""default"":1},""example"":1}]","{""type"":""string""}",false,Nao declarada de forma uniforme na especificacao OpenAPI,Nao declarada de forma uniforme na especificacao OpenAPI,docs/chaves_relacionamentos.md (exploratorio),2026-10-09T13:52:33+00:00,https://legis.senado.leg.br/dadosabertos/v3/api-docs,"Paginacao, filtros, autenticacao e limites devem ser interpretados pela especificacao; nao coletar sem escopo."
senado,api_endpoint,Discurso,Unidades Descritivas (vídeos) de Reuniões de Comissão e/ou outros Colegiados,GET,https://legis.senado.leg.br/dadosabertos/taquigrafia/videos/reuniao/{idReuniao},application/xml; application/json; text/csv,"[{""name"":""idReuniao"",""in"":""path"",""description"":""Código do Encontro Legislativo (Reunião de Colegiado)"",""required"":true,""schema"":{""type"":""integer"",""format"":""int64""},""example"":11762},{""name"":""v"",""in"":""query"",""description"":""Versão do serviço. Exemplificada a última disponível."",""required"":false,""schema"":{""type"":""integer"",""format"":""int32"",""default"":1},""example"":1}]","{""type"":""array"",""items"":{""$ref"":""#/components/schemas/unidade""},""xml"":{""name"":""unidades"",""wrapped"":true}}",false,Nao declarada de forma uniforme na especificacao OpenAPI,Nao declarada de forma uniforme na especificacao OpenAPI,docs/chaves_relacionamentos.md (exploratorio),2026-10-09T13:52:33+00:00,https://legis.senado.leg.br/dadosabertos/v3/api-docs,"Paginacao, filtros, autenticacao e limites devem ser interpretados pela especificacao; nao coletar sem escopo."
senado,api_endpoint,Discurso,Unidades Descritivas (vídeos) de Sessões Plenárias,GET,https://legis.senado.leg.br/dadosabertos/taquigrafia/videos/sessao/{idSessao},application/xml; application/json; text/csv,"[{""name"":""idSessao"",""in"":""path"",""description"":""Código do Encontro Legislativo (Sessão Plenária)"",""required"":true,""schema"":{""type"":""integer"",""format"":""int64""},""example"":26303},{""name"":""v"",""in"":""query"",""description"":""Versão do serviço. Exemplificada a última disponível."",""required"":false,""schema"":{""type"":""integer"",""format"":""int32"",""default"":1},""example"":1}]","{""type"":""array"",""items"":{""$ref"":""#/components/schemas/unidade""},""xml"":{""name"":""unidades"",""wrapped"":true}}",false,Nao declarada de forma uniforme na especificacao OpenAPI,Nao declarada de forma uniforme na especificacao OpenAPI,docs/chaves_relacionamentos.md (exploratorio),2026-10-09T13:52:33+00:00,https://legis.senado.leg.br/dadosabertos/v3/api-docs,"Paginacao, filtros, autenticacao e limites devem ser interpretados pela especificacao; nao coletar sem escopo."
senado,api_endpoint,Legislação,"Lista Classificação de Normas Jurídicas, Projetos e Pronunciamentos",GET,https://legis.senado.leg.br/dadosabertos/legislacao/classes,,[],{},false,Nao declarada de forma uniforme na especificacao OpenAPI,Nao declarada de forma uniforme na especificacao OpenAPI,docs/chaves_relacionamentos.md (exploratorio),2026-10-09T13:52:33+00:00,https://legis.senado.leg.br/dadosabertos/v3/api-docs,"Paginacao, filtros, autenticacao e limites devem ser interpretados pela especificacao; nao coletar sem escopo."
senado,api_endpoint,Legislação,Pesquisa de Normas Federais,GET,https://legis.senado.leg.br/dadosabertos/legislacao/lista,application/xml; application/json; text/csv,"[{""name"":""tipo"",""in"":""query"",""description"":""Sigla do tipo da Norma"",""required"":false,""schema"":{""type"":""string""},""example"":""LEI""},{""name"":""numero"",""in"":""query"",""description"":""Número da Norma"",""required"":false,""schema"":{""type"":""integer"",""format"":""int32""},""example"":8112},{""name"":""ano"",""in"":""query"",""description"":""Ano da Norma"",""required"":false,""schema"":{""type"":""integer"",""format"":""int32""},""example"":2013},{""name"":""data"",""in"":""query"",""description"":""Data da assinatura da Norma no formato AAAAMMDD"",""required"":false,""schema"":{""type"":""string""},""example"":19901211},{""name"":""seq"",""in"":""query"",""description"":""Número sequencial da assinatura da Norma na data"",""required"":false,""schema"":{""type"":""integer"",""format"":""int32""},""example"":12},{""name"":""reedicao"",""in"":""query"",""description"":""Número sequencial da reedição"",""required"":false,""schema"":{""type"":""integer"",""format"":""int32""},""example"":3},{""name"":""ident"",""in"":""query"",""description"":""Letra de Identificação"",""required"":false,""schema"":{""type"":""string""},""example"":""A""},{""name"":""complemento"",""in"":""query"",""description"":""Letra de Complemento"",""required"":false,""schema"":{""type"":""string""},""example"":""C""},{""name"":""v"",""in"":""query"",""description"":""Versão do serviço. Exemplificada a última disponível."",""required"":false,""schema"":{""type"":""integer"",""format"":""int32""},""example"":3}]","{""type"":""string""}",false,Nao declarada de forma uniforme na especificacao OpenAPI,Nao declarada de forma uniforme na especificacao OpenAPI,docs/chaves_relacionamentos.md (exploratorio),2026-10-09T13:52:33+00:00,https://legis.senado.leg.br/dadosabertos/v3/api-docs,"Paginacao, filtros, autenticacao e limites devem ser interpretados pela especificacao; nao coletar sem escopo."
senado,api_endpoint,Legislação,Pesquisa de Termos do Catálogo,GET,https://legis.senado.leg.br/dadosabertos/legislacao/termos,application/xml; application/json; text/csv,"[{""name"":""tipo"",""in"":""query"",""description"":""Código referente ao Tipo de Termo"",""required"":false,""schema"":{""type"":""integer"",""format"":""int32""},""example"":9},{""name"":""termo"",""in"":""query"",""description"":""Termo a ser pesquisado"",""required"":false,""schema"":{""type"":""string""},""example"":""método""},{""name"":""v"",""in"":""query"",""description"":""Versão do serviço. Exemplificada a última disponível."",""required"":false,""schema"":{""type"":""integer"",""format"":""int32""},""example"":3}]","{""type"":""string""}",false,Nao declarada de forma uniforme na especificacao OpenAPI,Nao declarada de forma uniforme na especificacao OpenAPI,docs/chaves_relacionamentos.md (exploratorio),2026-10-09T13:52:33+00:00,https://legis.senado.leg.br/dadosabertos/v3/api-docs,"Paginacao, filtros, autenticacao e limites devem ser interpretados pela especificacao; nao coletar sem escopo."
senado,api_endpoint,Legislação,Lista Tipos de Norma,GET,https://legis.senado.leg.br/dadosabertos/legislacao/tiposNorma,,[],{},false,Nao declarada de forma uniforme na especificacao OpenAPI,Nao declarada de forma uniforme na especificacao OpenAPI,docs/chaves_relacionamentos.md (exploratorio),2026-10-09T13:52:33+00:00,https://legis.senado.leg.br/dadosabertos/v3/api-docs,"Paginacao, filtros, autenticacao e limites devem ser interpretados pela especificacao; nao coletar sem escopo."
senado,api_endpoint,Legislação,Lista de Tipos de Publicação,GET,https://legis.senado.leg.br/dadosabertos/legislacao/tiposPublicacao,,[],{},false,Nao declarada de forma uniforme na especificacao OpenAPI,Nao declarada de forma uniforme na especificacao OpenAPI,docs/chaves_relacionamentos.md (exploratorio),2026-10-09T13:52:33+00:00,https://legis.senado.leg.br/dadosabertos/v3/api-docs,"Paginacao, filtros, autenticacao e limites devem ser interpretados pela especificacao; nao coletar sem escopo."
senado,api_endpoint,Legislação,Lista de Tipos de Declaração,GET,https://legis.senado.leg.br/dadosabertos/legislacao/tiposVide,,[],{},false,Nao declarada de forma uniforme na especificacao OpenAPI,Nao declarada de forma uniforme na especificacao OpenAPI,docs/chaves_relacionamentos.md (exploratorio),2026-10-09T13:52:33+00:00,https://legis.senado.leg.br/dadosabertos/v3/api-docs,"Paginacao, filtros, autenticacao e limites devem ser interpretados pela especificacao; nao coletar sem escopo."
senado,api_endpoint,Legislação,Lista de Detalhes de Declaração,GET,https://legis.senado.leg.br/dadosabertos/legislacao/tiposdeclaracao/detalhe,,[],{},false,Nao declarada de forma uniforme na especificacao OpenAPI,Nao declarada de forma uniforme na especificacao OpenAPI,docs/chaves_relacionamentos.md (exploratorio),2026-10-09T13:52:33+00:00,https://legis.senado.leg.br/dadosabertos/v3/api-docs,"Paginacao, filtros, autenticacao e limites devem ser interpretados pela especificacao; nao coletar sem escopo."
senado,api_endpoint,Legislação,Detalhes de uma Norma Jurídica pela URN,GET,https://legis.senado.leg.br/dadosabertos/legislacao/urn,application/xml; application/json; text/csv,"[{""name"":""urn"",""in"":""query"",""description"":""Identificador Universal da Norma, presente no normas.leg.br"",""required"":true,""schema"":{""type"":""string""},""example"":""urn:lex:br:federal:lei:2006-08-07;11340""},{""name"":""v"",""in"":""query"",""description"":""Versão do serviço. Exemplificada a última disponível."",""required"":false,""schema"":{""type"":""integer"",""format"":""int32"",""default"":3},""example"":3}]","{""type"":""string""}",false,Nao declarada de forma uniforme na especificacao OpenAPI,Nao declarada de forma uniforme na especificacao OpenAPI,docs/chaves_relacionamentos.md (exploratorio),2026-10-09T13:52:33+00:00,https://legis.senado.leg.br/dadosabertos/v3/api-docs,"Paginacao, filtros, autenticacao e limites devem ser interpretados pela especificacao; nao coletar sem escopo."
senado,api_endpoint,Legislação,Detalhes de uma Norma Jurídica pelo código,GET,https://legis.senado.leg.br/dadosabertos/legislacao/{codigo},application/xml; application/json; text/csv,"[{""name"":""codigo"",""in"":""path"",""description"":""Código do Documento (Norma Jurídica)"",""required"":true,""schema"":{""type"":""integer"",""format"":""int32""},""example"":397127},{""name"":""v"",""in"":""query"",""description"":""Versão do serviço. Exemplificada a última disponível."",""required"":false,""schema"":{""type"":""integer"",""format"":""int32"",""default"":3},""example"":3}]","{""type"":""string""}",false,Nao declarada de forma uniforme na especificacao OpenAPI,Nao declarada de forma uniforme na especificacao OpenAPI,docs/chaves_relacionamentos.md (exploratorio),2026-10-09T13:52:33+00:00,https://legis.senado.leg.br/dadosabertos/v3/api-docs,"Paginacao, filtros, autenticacao e limites devem ser interpretados pela especificacao; nao coletar sem escopo."
senado,api_endpoint,Legislação,Detalhes de uma Norma Jurídica pela identificação (sigla / número / ano),GET,https://legis.senado.leg.br/dadosabertos/legislacao/{tipo}/{numdata}/{anoseq},application/xml; application/json; text/csv,"[{""name"":""tipo"",""in"":""path"",""description"":""Sigla do Tipo da Norma"",""required"":true,""schema"":{""type"":""string""},""example"":""LEI""},{""name"":""numdata"",""in"":""path"",""description"":""Número ou data da Norma no formato AAAAMMDD"",""required"":true,""schema"":{""type"":""integer"",""format"":""int32""},""examples"":{""numero"":{""description"":""numero"",""value"":8112},""data"":{""description"":""data"",""value"":19901211}}},{""name"":""anoseq"",""in"":""path"",""description"":""Ano da data de assinatura da Norma ou sequencial"",""required"":true,""schema"":{""type"":""integer"",""format"":""int32""},""example"":1990},{""name"":""v"",""in"":""query"",""description"":""Versão do serviço. Exemplificada a última disponível."",""required"":false,""schema"":{""type"":""integer"",""format"":""int32""},""example"":3}]","{""type"":""string""}",false,Nao declarada de forma uniforme na especificacao OpenAPI,Nao declarada de forma uniforme na especificacao OpenAPI,docs/chaves_relacionamentos.md (exploratorio),2026-10-09T13:52:33+00:00,https://legis.senado.leg.br/dadosabertos/v3/api-docs,"Paginacao, filtros, autenticacao e limites devem ser interpretados pela especificacao; nao coletar sem escopo."
senado,api_endpoint,Orçamento,Lotes de Emendas ao Orçamento,GET,https://legis.senado.leg.br/dadosabertos/orcamento/lista,,[],{},false,Nao declarada de forma uniforme na especificacao OpenAPI,Nao declarada de forma uniforme na especificacao OpenAPI,docs/chaves_relacionamentos.md (exploratorio),2026-10-09T13:52:33+00:00,https://legis.senado.leg.br/dadosabertos/v3/api-docs,"Paginacao, filtros, autenticacao e limites devem ser interpretados pela especificacao; nao coletar sem escopo."
senado,api_endpoint,Orçamento,Lista os Ofícios de apoio às Emendas de Orçamento,GET,https://legis.senado.leg.br/dadosabertos/orcamento/oficios,application/xml; application/json; text/csv,"[{""name"":""v"",""in"":""query"",""description"":""Versão do serviço. Exemplificada a última disponível."",""required"":false,""schema"":{""type"":""integer"",""format"":""int32"",""default"":1},""example"":1}]","{""type"":""string""}",false,Nao declarada de forma uniforme na especificacao OpenAPI,Nao declarada de forma uniforme na especificacao OpenAPI,docs/chaves_relacionamentos.md (exploratorio),2026-10-09T13:52:33+00:00,https://legis.senado.leg.br/dadosabertos/v3/api-docs,"Paginacao, filtros, autenticacao e limites devem ser interpretados pela especificacao; nao coletar sem escopo."
senado,api_endpoint,Orçamento,Recupera informações de determinado Ofício de apoio às Emendas de Orçamento,GET,https://legis.senado.leg.br/dadosabertos/orcamento/oficios/{numeroSedol},application/xml; application/json; text/csv,"[{""name"":""v"",""in"":""query"",""description"":""Versão do serviço. Exemplificada a última disponível."",""required"":false,""schema"":{""type"":""integer"",""format"":""int32"",""default"":1},""example"":1},{""name"":""numeroSedol"",""in"":""path"",""description"":""Número do Documento Sedol recuperado na lista de Ofícios (/dadosbabertos/orcamento/oficios). Se não existir um Número do Documento Sedol, utilize o atributo 'id' do Ofício para recuperar seus detalhes."",""required"":true,""schema"":{""type"":""string""},""example"":""SF254855761583""}]","{""type"":""string""}",false,Nao declarada de forma uniforme na especificacao OpenAPI,Nao declarada de forma uniforme na especificacao OpenAPI,docs/chaves_relacionamentos.md (exploratorio),2026-10-09T13:52:33+00:00,https://legis.senado.leg.br/dadosabertos/v3/api-docs,"Paginacao, filtros, autenticacao e limites devem ser interpretados pela especificacao; nao coletar sem escopo."
senado,api_endpoint,Parlamentar,Obtém a lista dos Senadores atualmente afastados (Fora de Exercício),GET,https://legis.senado.leg.br/dadosabertos/senador/afastados,,[],{},false,Nao declarada de forma uniforme na especificacao OpenAPI,Nao declarada de forma uniforme na especificacao OpenAPI,docs/chaves_relacionamentos.md (exploratorio),2026-10-09T13:52:33+00:00,https://legis.senado.leg.br/dadosabertos/v3/api-docs,"Paginacao, filtros, autenticacao e limites devem ser interpretados pela especificacao; nao coletar sem escopo."
senado,api_endpoint,Parlamentar,Senadores em Exercício,GET,https://legis.senado.leg.br/dadosabertos/senador/lista/atual,application/xml; application/json; text/csv,"[{""name"":""uf"",""in"":""query"",""description"":""UF de mandato do Senador - sigla com dois caracteres"",""required"":false,""schema"":{""type"":""string""},""example"":""DF""},{""name"":""participacao"",""in"":""query"",""description"":""Tipo de participação no mandato: (T)itular ou (S)uplente"",""required"":false,""schema"":{""type"":""string"",""enum"":[""T"",""S""]},""example"":""T""},{""name"":""v"",""in"":""query"",""description"":""Versão do serviço. Exemplificada a última disponível."",""required"":false,""schema"":{""type"":""integer"",""format"":""int32""},""example"":4}]","{""type"":""string""}",false,Nao declarada de forma uniforme na especificacao OpenAPI,Nao declarada de forma uniforme na especificacao OpenAPI,docs/chaves_relacionamentos.md (exploratorio),2026-10-09T13:52:33+00:00,https://legis.senado.leg.br/dadosabertos/v3/api-docs,"Paginacao, filtros, autenticacao e limites devem ser interpretados pela especificacao; nao coletar sem escopo."
senado,api_endpoint,Parlamentar,Obtém a lista de Senadores de um intervalo de Legislaturas,GET,https://legis.senado.leg.br/dadosabertos/senador/lista/legislatura/{legislaturaInicio}/{legislaturaFim},application/xml; application/json; text/csv,"[{""name"":""legislaturaInicio"",""in"":""path"",""description"":""Número da Legislatura inicial. O mandato deverá iniciar após a Legislatura informada."",""required"":true,""schema"":{""type"":""integer"",""format"":""int32""},""example"":54},{""name"":""legislaturaFim"",""in"":""path"",""description"":""Número da Legislatura final. O mandato deverá finalizar antes da Legislatura informada."",""required"":true,""schema"":{""type"":""integer"",""format"":""int32""},""example"":56},{""name"":""uf"",""in"":""query"",""description"":""Filtra pela sigla da UF do mandato"",""required"":false,""schema"":{""type"":""string""},""example"":""RJ""},{""name"":""participacao"",""in"":""query"",""description"":""Filtra pelo tipo de participação no mandato. (T)itular ou (S)uplente"",""required"":false,""schema"":{""type"":""string""},""example"":""T""},{""name"":""exercicio"",""in"":""query"",""description"":""Filtra apenas parlamentares que entraram em exercício (S)im ou apenas os que não entraram (N)ão"",""required"":false,""schema"":{""type"":""string""},""example"":""S""},{""name"":""v"",""in"":""query"",""description"":""Versão do serviço. Exemplificada a última disponível."",""required"":false,""schema"":{""type"":""integer"",""format"":""int32""},""example"":4}]","{""type"":""string""}",false,Nao declarada de forma uniforme na especificacao OpenAPI,Nao declarada de forma uniforme na especificacao OpenAPI,docs/chaves_relacionamentos.md (exploratorio),2026-10-09T13:52:33+00:00,https://legis.senado.leg.br/dadosabertos/v3/api-docs,"Paginacao, filtros, autenticacao e limites devem ser interpretados pela especificacao; nao coletar sem escopo."
senado,api_endpoint,Parlamentar,Obtém a lista de Senadores de uma determinada Legislatura,GET,https://legis.senado.leg.br/dadosabertos/senador/lista/legislatura/{legislatura},application/xml; application/json; text/csv,"[{""name"":""legislatura"",""in"":""path"",""description"":""Número da Legislatura de referência. O Mandato deverá abranger a Legislatura informada."",""required"":true,""schema"":{""type"":""integer"",""format"":""int32""},""example"":54},{""name"":""uf"",""in"":""query"",""description"":""Filtra pela sigla da UF do mandato"",""required"":false,""schema"":{""type"":""string""},""example"":""RJ""},{""name"":""participacao"",""in"":""query"",""description"":""Filtra pelo tipo de participação no mandato. (T)itular ou (S)uplente"",""required"":false,""schema"":{""type"":""string""},""example"":""T""},{""name"":""exercicio"",""in"":""query"",""description"":""Filtra apenas parlamentares que entraram em exercício (S)im ou apenas os que não entraram (N)ão"",""required"":false,""schema"":{""type"":""string""},""example"":""S""},{""name"":""v"",""in"":""query"",""description"":""Versão do serviço. Exemplificada a última disponível."",""required"":false,""schema"":{""type"":""integer"",""format"":""int32""},""example"":4}]","{""type"":""string""}",false,Nao declarada de forma uniforme na especificacao OpenAPI,Nao declarada de forma uniforme na especificacao OpenAPI,docs/chaves_relacionamentos.md (exploratorio),2026-10-09T13:52:33+00:00,https://legis.senado.leg.br/dadosabertos/v3/api-docs,"Paginacao, filtros, autenticacao e limites devem ser interpretados pela especificacao; nao coletar sem escopo."
senado,api_endpoint,Parlamentar,Lista os Partidos Políticos em atividade e/ou extintos,GET,https://legis.senado.leg.br/dadosabertos/senador/partidos,,[],{},false,Nao declarada de forma uniforme na especificacao OpenAPI,Nao declarada de forma uniforme na especificacao OpenAPI,docs/chaves_relacionamentos.md (exploratorio),2026-10-09T13:52:33+00:00,https://legis.senado.leg.br/dadosabertos/v3/api-docs,"Paginacao, filtros, autenticacao e limites devem ser interpretados pela especificacao; nao coletar sem escopo."
senado,api_endpoint,Parlamentar,Obtém informações de um Senador,GET,https://legis.senado.leg.br/dadosabertos/senador/{codigo},*/*,"[{""name"":""codigo"",""in"":""path"",""description"":""Código do Senador"",""required"":true,""schema"":{""type"":""integer"",""format"":""int64""},""example"":5322},{""name"":""v"",""in"":""query"",""description"":""Versão do serviço. Exemplificada a última disponível."",""required"":false,""schema"":{""type"":""integer"",""format"":""int32"",""default"":6},""example"":6}]","{""type"":""string""}",false,Nao declarada de forma uniforme na especificacao OpenAPI,Nao declarada de forma uniforme na especificacao OpenAPI,docs/chaves_relacionamentos.md (exploratorio),2026-10-09T13:52:33+00:00,https://legis.senado.leg.br/dadosabertos/v3/api-docs,"Paginacao, filtros, autenticacao e limites devem ser interpretados pela especificacao; nao coletar sem escopo."
senado,api_endpoint,Parlamentar,Obtém a relação de Cargos ocupados por um Senador,GET,https://legis.senado.leg.br/dadosabertos/senador/{codigo}/cargos,application/xml; application/json; text/csv,"[{""name"":""codigo"",""in"":""path"",""description"":""Código do Senador"",""required"":true,""schema"":{""type"":""integer"",""format"":""int64""},""example"":5322},{""name"":""ativo"",""in"":""query"",""description"":""Exibe apenas cargos ativos 'S' ou exibe os cargos finalizados 'N'"",""required"":false,""schema"":{""type"":""string""},""example"":""S""},{""name"":""comissao"",""in"":""query"",""description"":""Sigla da Comissão - retorna apenas os cargos na Comissão informada"",""required"":false,""schema"":{""type"":""string""},""example"":""CCJ""},{""name"":""v"",""in"":""query"",""description"":""Versão do serviço. Exemplificada a última disponível."",""required"":false,""schema"":{""type"":""integer"",""format"":""int32""},""example"":5}]","{""type"":""string""}",false,Nao declarada de forma uniforme na especificacao OpenAPI,Nao declarada de forma uniforme na especificacao OpenAPI,docs/chaves_relacionamentos.md (exploratorio),2026-10-09T13:52:33+00:00,https://legis.senado.leg.br/dadosabertos/v3/api-docs,"Paginacao, filtros, autenticacao e limites devem ser interpretados pela especificacao; nao coletar sem escopo."
senado,api_endpoint,Parlamentar,Obtém a relação das Comissões que um Senador é membro,GET,https://legis.senado.leg.br/dadosabertos/senador/{codigo}/comissoes,application/xml; application/json; text/csv,"[{""name"":""codigo"",""in"":""path"",""description"":""Código do Senador"",""required"":true,""schema"":{""type"":""integer"",""format"":""int32""},""example"":5322},{""name"":""ativo"",""in"":""query"",""description"":""Se 'S' retorna apenas as Comissões atuais, se 'N' retorna apenas as já finalizadas"",""required"":false,""schema"":{""type"":""string""},""example"":""S""},{""name"":""comissao"",""in"":""query"",""description"":""Sigla da Comissão - retorna apenas a Comissão informada"",""required"":false,""schema"":{""type"":""string""},""example"":""CE""},{""name"":""v"",""in"":""query"",""description"":""Versão do serviço. Exemplificada a última disponível."",""required"":false,""schema"":{""type"":""integer"",""format"":""int32""},""example"":5}]","{""type"":""string""}",false,Nao declarada de forma uniforme na especificacao OpenAPI,Nao declarada de forma uniforme na especificacao OpenAPI,docs/chaves_relacionamentos.md (exploratorio),2026-10-09T13:52:33+00:00,https://legis.senado.leg.br/dadosabertos/v3/api-docs,"Paginacao, filtros, autenticacao e limites devem ser interpretados pela especificacao; nao coletar sem escopo."
senado,api_endpoint,Parlamentar,Obtém as Filiações Partidárias de um Senador,GET,https://legis.senado.leg.br/dadosabertos/senador/{codigo}/filiacoes,application/xml; application/json; text/csv,"[{""name"":""codigo"",""in"":""path"",""description"":""Código do Senador"",""required"":true,""schema"":{""type"":""integer"",""format"":""int64""},""example"":5322},{""name"":""v"",""in"":""query"",""description"":""Versão do serviço. Exemplificada a última disponível."",""required"":false,""schema"":{""type"":""integer"",""format"":""int32"",""default"":5},""example"":5}]","{""type"":""string""}",false,Nao declarada de forma uniforme na especificacao OpenAPI,Nao declarada de forma uniforme na especificacao OpenAPI,docs/chaves_relacionamentos.md (exploratorio),2026-10-09T13:52:33+00:00,https://legis.senado.leg.br/dadosabertos/v3/api-docs,"Paginacao, filtros, autenticacao e limites devem ser interpretados pela especificacao; nao coletar sem escopo."
senado,api_endpoint,Parlamentar,Obtém o Histórico Acadêmico de um Senador,GET,https://legis.senado.leg.br/dadosabertos/senador/{codigo}/historicoAcademico,application/xml; application/json; text/csv,"[{""name"":""codigo"",""in"":""path"",""description"":""Código do Senador"",""required"":true,""schema"":{""type"":""integer"",""format"":""int64""},""example"":5322},{""name"":""v"",""in"":""query"",""description"":""Versão do serviço. Exemplificada a última disponível."",""required"":false,""schema"":{""type"":""integer"",""format"":""int32"",""default"":1},""example"":1}]","{""type"":""string""}",false,Nao declarada de forma uniforme na especificacao OpenAPI,Nao declarada de forma uniforme na especificacao OpenAPI,docs/chaves_relacionamentos.md (exploratorio),2026-10-09T13:52:33+00:00,https://legis.senado.leg.br/dadosabertos/v3/api-docs,"Paginacao, filtros, autenticacao e limites devem ser interpretados pela especificacao; nao coletar sem escopo."
senado,api_endpoint,Parlamentar,Obtém as Licenças oficiais de um Senador,GET,https://legis.senado.leg.br/dadosabertos/senador/{codigo}/licencas,application/xml; application/json; text/csv,"[{""name"":""codigo"",""in"":""path"",""description"":""Código do Senador"",""required"":true,""schema"":{""type"":""integer"",""format"":""int64""},""example"":5322},{""name"":""dataInicio"",""in"":""query"",""description"":""Data de início de referência para pesquisa no formato AAAAMMDD."",""required"":false,""schema"":{""type"":""string""},""example"":20190201},{""name"":""dataFim"",""in"":""query"",""description"":""Data de término de referência para pesquisa no formato AAAAMMDD. Se não informado considera-se a data atual."",""required"":false,""schema"":{""type"":""string""},""example"":20240301},{""name"":""v"",""in"":""query"",""description"":""Versão do serviço. Exemplificada a última disponível."",""required"":false,""schema"":{""type"":""integer"",""format"":""int32""},""example"":6}]","{""type"":""string""}",false,Nao declarada de forma uniforme na especificacao OpenAPI,Nao declarada de forma uniforme na especificacao OpenAPI,docs/chaves_relacionamentos.md (exploratorio),2026-10-09T13:52:33+00:00,https://legis.senado.leg.br/dadosabertos/v3/api-docs,"Paginacao, filtros, autenticacao e limites devem ser interpretados pela especificacao; nao coletar sem escopo."
senado,api_endpoint,Parlamentar,(DEPRECATED) Obtém os Cargos de Liderança de um Senador,GET,https://legis.senado.leg.br/dadosabertos/senador/{codigo}/liderancas,application/xml; application/json; text/csv,"[{""name"":""codigo"",""in"":""path"",""description"":""Código do Senador"",""required"":true,""schema"":{""type"":""integer"",""format"":""int64""},""example"":4981},{""name"":""ativo"",""in"":""query"",""description"":""Se 'S' retorna apenas as Lideranças em exercício, se 'N' retorna também as já finalizadas"",""required"":false,""schema"":{""type"":""string""},""example"":""S""},{""name"":""v"",""in"":""query"",""description"":""Versão do serviço. Exemplificada a última disponível."",""required"":false,""schema"":{""type"":""integer"",""format"":""int32"",""default"":5},""example"":5}]","{""type"":""string""}",true,Nao declarada de forma uniforme na especificacao OpenAPI,Nao declarada de forma uniforme na especificacao OpenAPI,docs/chaves_relacionamentos.md (exploratorio),2026-10-09T13:52:33+00:00,https://legis.senado.leg.br/dadosabertos/v3/api-docs,"Paginacao, filtros, autenticacao e limites devem ser interpretados pela especificacao; nao coletar sem escopo."
senado,api_endpoint,Parlamentar,Obtém os Mandatos Parlamentares de um Senador,GET,https://legis.senado.leg.br/dadosabertos/senador/{codigo}/mandatos,application/xml; application/json; text/csv,"[{""name"":""codigo"",""in"":""path"",""description"":""Código do Senador"",""required"":true,""schema"":{""type"":""integer"",""format"":""int64""},""example"":5322},{""name"":""v"",""in"":""query"",""description"":""Versão do serviço. Exemplificada a última disponível."",""required"":false,""schema"":{""type"":""integer"",""format"":""int32"",""default"":5},""example"":5}]","{""type"":""string""}",false,Nao declarada de forma uniforme na especificacao OpenAPI,Nao declarada de forma uniforme na especificacao OpenAPI,docs/chaves_relacionamentos.md (exploratorio),2026-10-09T13:52:33+00:00,https://legis.senado.leg.br/dadosabertos/v3/api-docs,"Paginacao, filtros, autenticacao e limites devem ser interpretados pela especificacao; nao coletar sem escopo."
senado,api_endpoint,Parlamentar,Obtém as Profissões de um Senador,GET,https://legis.senado.leg.br/dadosabertos/senador/{codigo}/profissao,application/xml; application/json; text/csv,"[{""name"":""codigo"",""in"":""path"",""description"":""Código do Senador"",""required"":true,""schema"":{""type"":""integer"",""format"":""int64""},""example"":5985},{""name"":""v"",""in"":""query"",""description"":""Versão do serviço. Exemplificada a última disponível."",""required"":false,""schema"":{""type"":""integer"",""format"":""int32"",""default"":1},""example"":1}]","{""type"":""string""}",false,Nao declarada de forma uniforme na especificacao OpenAPI,Nao declarada de forma uniforme na especificacao OpenAPI,docs/chaves_relacionamentos.md (exploratorio),2026-10-09T13:52:33+00:00,https://legis.senado.leg.br/dadosabertos/v3/api-docs,"Paginacao, filtros, autenticacao e limites devem ser interpretados pela especificacao; nao coletar sem escopo."
senado,api_endpoint,Plenário,Agenda de Plenário em formato iCal,GET,https://legis.senado.leg.br/dadosabertos/plenario/agenda/atual/iCal,text/calendar,[],"{""type"":""string"",""format"":""binary""}",false,Nao declarada de forma uniforme na especificacao OpenAPI,Nao declarada de forma uniforme na especificacao OpenAPI,docs/chaves_relacionamentos.md (exploratorio),2026-10-09T13:52:33+00:00,https://legis.senado.leg.br/dadosabertos/v3/api-docs,"Paginacao, filtros, autenticacao e limites devem ser interpretados pela especificacao; nao coletar sem escopo."
senado,api_endpoint,Plenário,Agenda do dia do Plenário do Congresso Nacional,GET,https://legis.senado.leg.br/dadosabertos/plenario/agenda/cn/{data},application/xml; application/json; text/csv,"[{""name"":""data"",""in"":""path"",""description"":""Data da Agenda no formato AAAAMMDD"",""required"":true,""schema"":{""type"":""string""},""example"":20130522},{""name"":""v"",""in"":""query"",""description"":""Versão do serviço. Exemplificada a última disponível."",""required"":false,""schema"":{""type"":""integer"",""format"":""int32"",""default"":2},""example"":2}]","{""type"":""string""}",false,Nao declarada de forma uniforme na especificacao OpenAPI,Nao declarada de forma uniforme na especificacao OpenAPI,docs/chaves_relacionamentos.md (exploratorio),2026-10-09T13:52:33+00:00,https://legis.senado.leg.br/dadosabertos/v3/api-docs,"Paginacao, filtros, autenticacao e limites devem ser interpretados pela especificacao; nao coletar sem escopo."
senado,api_endpoint,Plenário,Agenda do período do Plenário do Congresso Nacional,GET,https://legis.senado.leg.br/dadosabertos/plenario/agenda/cn/{inicio}/{fim},application/xml; application/json; text/csv,"[{""name"":""inicio"",""in"":""path"",""description"":""Data de início da Agenda no formato AAAAMMDD"",""required"":true,""schema"":{""type"":""string""},""example"":20130501},{""name"":""fim"",""in"":""path"",""description"":""Data de fim da Agenda no formato AAAAMMDD"",""required"":true,""schema"":{""type"":""string""},""example"":20130531},{""name"":""v"",""in"":""query"",""description"":""Versão do serviço. Exemplificada a última disponível."",""required"":false,""schema"":{""type"":""integer"",""format"":""int32"",""default"":2},""example"":2}]","{""type"":""string""}",false,Nao declarada de forma uniforme na especificacao OpenAPI,Nao declarada de forma uniforme na especificacao OpenAPI,docs/chaves_relacionamentos.md (exploratorio),2026-10-09T13:52:33+00:00,https://legis.senado.leg.br/dadosabertos/v3/api-docs,"Paginacao, filtros, autenticacao e limites devem ser interpretados pela especificacao; nao coletar sem escopo."
senado,api_endpoint,Plenário,Agenda do dia nos Plenários do Senado Federal e Congresso Nacional,GET,https://legis.senado.leg.br/dadosabertos/plenario/agenda/dia/{data},application/xml; application/json; text/csv,"[{""name"":""data"",""in"":""path"",""description"":""Data de referência para pesquisa da Agenda no formato AAAAMMDD."",""required"":true,""schema"":{""type"":""string"",""format"":""date""},""example"":20241015},{""name"":""v"",""in"":""query"",""description"":""Versão do serviço. Exemplificada a última disponível."",""required"":false,""schema"":{""type"":""integer"",""format"":""int32"",""default"":2},""example"":2}]","{""type"":""string""}",false,Nao declarada de forma uniforme na especificacao OpenAPI,Nao declarada de forma uniforme na especificacao OpenAPI,docs/chaves_relacionamentos.md (exploratorio),2026-10-09T13:52:33+00:00,https://legis.senado.leg.br/dadosabertos/v3/api-docs,"Paginacao, filtros, autenticacao e limites devem ser interpretados pela especificacao; nao coletar sem escopo."
senado,api_endpoint,Plenário,Agenda do mês nos Plenários do Senado Federal e Congresso Nacional,GET,https://legis.senado.leg.br/dadosabertos/plenario/agenda/mes/{data},application/xml; application/json; text/csv,"[{""name"":""data"",""in"":""path"",""description"":""Data de referência para pesquisa da Agenda no formato AAAAMMDD"",""required"":true,""schema"":{""type"":""string"",""format"":""date""},""example"":20241015},{""name"":""v"",""in"":""query"",""description"":""Versão do serviço. Exemplificada a última disponível."",""required"":false,""schema"":{""type"":""integer"",""format"":""int32"",""default"":2},""example"":2}]","{""type"":""string""}",false,Nao declarada de forma uniforme na especificacao OpenAPI,Nao declarada de forma uniforme na especificacao OpenAPI,docs/chaves_relacionamentos.md (exploratorio),2026-10-09T13:52:33+00:00,https://legis.senado.leg.br/dadosabertos/v3/api-docs,"Paginacao, filtros, autenticacao e limites devem ser interpretados pela especificacao; nao coletar sem escopo."
senado,api_endpoint,Plenário,Detalhes do Encontro Legislativo,GET,https://legis.senado.leg.br/dadosabertos/plenario/encontro/{codigo},application/xml; application/json; text/csv,"[{""name"":""codigo"",""in"":""path"",""description"":""Código do Encontro Legislativo"",""required"":true,""schema"":{""type"":""integer"",""format"":""int32""},""example"":319359},{""name"":""v"",""in"":""query"",""description"":""Versão do serviço. Exemplificada a última disponível."",""required"":false,""schema"":{""type"":""integer"",""format"":""int32"",""default"":1},""example"":1}]","{""type"":""string""}",false,Nao declarada de forma uniforme na especificacao OpenAPI,Nao declarada de forma uniforme na especificacao OpenAPI,docs/chaves_relacionamentos.md (exploratorio),2026-10-09T13:52:33+00:00,https://legis.senado.leg.br/dadosabertos/v3/api-docs,"Paginacao, filtros, autenticacao e limites devem ser interpretados pela especificacao; nao coletar sem escopo."
senado,api_endpoint,Plenário,Itens de Pauta do Encontro Legislativo,GET,https://legis.senado.leg.br/dadosabertos/plenario/encontro/{codigo}/pauta,application/xml; application/json; text/csv,"[{""name"":""codigo"",""in"":""path"",""description"":""Código do Encontro Legislativo"",""required"":true,""schema"":{""type"":""integer"",""format"":""int32""},""example"":319359},{""name"":""v"",""in"":""query"",""description"":""Versão do serviço. Exemplificada a última disponível."",""required"":false,""schema"":{""type"":""integer"",""format"":""int32"",""default"":1},""example"":1}]","{""type"":""string""}",false,Nao declarada de forma uniforme na especificacao OpenAPI,Nao declarada de forma uniforme na especificacao OpenAPI,docs/chaves_relacionamentos.md (exploratorio),2026-10-09T13:52:33+00:00,https://legis.senado.leg.br/dadosabertos/v3/api-docs,"Paginacao, filtros, autenticacao e limites devem ser interpretados pela especificacao; nao coletar sem escopo."
senado,api_endpoint,Plenário,Resultado de Pauta do Encontro Legislativo,GET,https://legis.senado.leg.br/dadosabertos/plenario/encontro/{codigo}/resultado,application/xml; application/json; text/csv,"[{""name"":""codigo"",""in"":""path"",""description"":""Código do Encontro Legislativo"",""required"":true,""schema"":{""type"":""integer"",""format"":""int32""},""example"":319359},{""name"":""v"",""in"":""query"",""description"":""Versão do serviço. Exemplificada a última disponível."",""required"":false,""schema"":{""type"":""integer"",""format"":""int32"",""default"":1},""example"":1}]","{""type"":""string""}",false,Nao declarada de forma uniforme na especificacao OpenAPI,Nao declarada de forma uniforme na especificacao OpenAPI,docs/chaves_relacionamentos.md (exploratorio),2026-10-09T13:52:33+00:00,https://legis.senado.leg.br/dadosabertos/v3/api-docs,"Paginacao, filtros, autenticacao e limites devem ser interpretados pela especificacao; nao coletar sem escopo."
senado,api_endpoint,Plenário,Resumo do Encontro Legislativo,GET,https://legis.senado.leg.br/dadosabertos/plenario/encontro/{codigo}/resumo,application/xml; application/json; text/csv,"[{""name"":""codigo"",""in"":""path"",""description"":""Código do Encontro Legislativo"",""required"":true,""schema"":{""type"":""integer"",""format"":""int32""},""example"":319359},{""name"":""v"",""in"":""query"",""description"":""Versão do serviço. Exemplificada a última disponível."",""required"":false,""schema"":{""type"":""integer"",""format"":""int32"",""default"":1},""example"":1}]","{""type"":""string""}",false,Nao declarada de forma uniforme na especificacao OpenAPI,Nao declarada de forma uniforme na especificacao OpenAPI,docs/chaves_relacionamentos.md (exploratorio),2026-10-09T13:52:33+00:00,https://legis.senado.leg.br/dadosabertos/v3/api-docs,"Paginacao, filtros, autenticacao e limites devem ser interpretados pela especificacao; nao coletar sem escopo."
senado,api_endpoint,Plenário,Obtém a Legislatura na data informada e suas Sessões Legislativas,GET,https://legis.senado.leg.br/dadosabertos/plenario/legislatura/{data},application/xml; application/json; text/csv,"[{""name"":""data"",""in"":""path"",""description"":""Data de referência para pesquisa da Legislatura no formato AAAAMMDD."",""required"":true,""schema"":{""type"":""string""},""example"":20130313},{""name"":""v"",""in"":""query"",""description"":""Versão do serviço. Exemplificada a última disponível."",""required"":false,""schema"":{""type"":""integer"",""format"":""int32"",""default"":3},""example"":3}]","{""type"":""string""}",false,Nao declarada de forma uniforme na especificacao OpenAPI,Nao declarada de forma uniforme na especificacao OpenAPI,docs/chaves_relacionamentos.md (exploratorio),2026-10-09T13:52:33+00:00,https://legis.senado.leg.br/dadosabertos/v3/api-docs,"Paginacao, filtros, autenticacao e limites devem ser interpretados pela especificacao; nao coletar sem escopo."
senado,api_endpoint,Plenário,Lista de todas as Legislaturas e suas Sessões Legislativas,GET,https://legis.senado.leg.br/dadosabertos/plenario/lista/legislaturas,,[],{},false,Nao declarada de forma uniforme na especificacao OpenAPI,Nao declarada de forma uniforme na especificacao OpenAPI,docs/chaves_relacionamentos.md (exploratorio),2026-10-09T13:52:33+00:00,https://legis.senado.leg.br/dadosabertos/v3/api-docs,"Paginacao, filtros, autenticacao e limites devem ser interpretados pela especificacao; nao coletar sem escopo."
senado,api_endpoint,Plenário,Resultado da Sessão Plenária do Congresso Nacional,GET,https://legis.senado.leg.br/dadosabertos/plenario/resultado/cn/{data},application/xml; application/json; text/csv,"[{""name"":""data"",""in"":""path"",""description"":""Data da Sessão no formato AAAAMMDD"",""required"":true,""schema"":{""type"":""string""},""example"":20241218},{""name"":""v"",""in"":""query"",""description"":""Versão do serviço. Exemplificada a última disponível."",""required"":false,""schema"":{""type"":""integer"",""format"":""int32"",""default"":3},""example"":3}]","{""type"":""string""}",false,Nao declarada de forma uniforme na especificacao OpenAPI,Nao declarada de forma uniforme na especificacao OpenAPI,docs/chaves_relacionamentos.md (exploratorio),2026-10-09T13:52:33+00:00,https://legis.senado.leg.br/dadosabertos/v3/api-docs,"Paginacao, filtros, autenticacao e limites devem ser interpretados pela especificacao; nao coletar sem escopo."
senado,api_endpoint,Plenário,,GET,https://legis.senado.leg.br/dadosabertos/plenario/resultado/mes/{data},application/xml; application/json; text/csv,"[{""name"":""data"",""in"":""path"",""description"":""Data de referência para consulta no formato AAAAMMDD"",""required"":true,""schema"":{""type"":""string"",""format"":""date""},""example"":20240915},{""name"":""v"",""in"":""query"",""description"":""Versão do serviço. Exemplificada a última disponível."",""required"":false,""schema"":{""type"":""integer"",""format"":""int32"",""default"":2},""example"":2}]","{""type"":""string""}",false,Nao declarada de forma uniforme na especificacao OpenAPI,Nao declarada de forma uniforme na especificacao OpenAPI,docs/chaves_relacionamentos.md (exploratorio),2026-10-09T13:52:33+00:00,https://legis.senado.leg.br/dadosabertos/v3/api-docs,"Paginacao, filtros, autenticacao e limites devem ser interpretados pela especificacao; nao coletar sem escopo."
senado,api_endpoint,Plenário,Obtém o Resultado da Sessão Plenária na data informada,GET,https://legis.senado.leg.br/dadosabertos/plenario/resultado/{data},application/xml; application/json; text/csv,"[{""name"":""data"",""in"":""path"",""description"":""Data de referência para consulta no formato AAAAMMDD"",""required"":true,""schema"":{""type"":""string"",""format"":""date""},""example"":20241015},{""name"":""v"",""in"":""query"",""description"":""Versão do serviço. Exemplificada a última disponível."",""required"":false,""schema"":{""type"":""integer"",""format"":""int32"",""default"":2},""example"":2}]","{""type"":""string""}",false,Nao declarada de forma uniforme na especificacao OpenAPI,Nao declarada de forma uniforme na especificacao OpenAPI,docs/chaves_relacionamentos.md (exploratorio),2026-10-09T13:52:33+00:00,https://legis.senado.leg.br/dadosabertos/v3/api-docs,"Paginacao, filtros, autenticacao e limites devem ser interpretados pela especificacao; nao coletar sem escopo."
senado,api_endpoint,Plenário,Lista os Tipos de Sessão Plenária,GET,https://legis.senado.leg.br/dadosabertos/plenario/tiposSessao,,[],{},false,Nao declarada de forma uniforme na especificacao OpenAPI,Nao declarada de forma uniforme na especificacao OpenAPI,docs/chaves_relacionamentos.md (exploratorio),2026-10-09T13:52:33+00:00,https://legis.senado.leg.br/dadosabertos/v3/api-docs,"Paginacao, filtros, autenticacao e limites devem ser interpretados pela especificacao; nao coletar sem escopo."
senado,api_endpoint,Plenário; Discurso,Discursos por período/sessão,GET,https://legis.senado.leg.br/dadosabertos/plenario/lista/discursos/{dataInicio}/{dataFim},application/xml; application/json; text/csv,"[{""name"":""dataInicio"",""in"":""path"",""description"":""Data de início do período da consulta no formato AAAAMMDD"",""required"":true,""schema"":{""type"":""string""},""example"":20130301},{""name"":""dataFim"",""in"":""path"",""description"":""Data de fim do período da consulta no formato AAAAMMDD"",""required"":true,""schema"":{""type"":""string""},""example"":20130331},{""name"":""siglaCasa"",""in"":""query"",""description"":""Sigla da casa (SF = Senado Federal, CN = Congresso Nacional)"",""required"":false,""schema"":{""type"":""string""},""example"":""SF""},{""name"":""tipoSessao"",""in"":""query"",""description"":""Sigla do tipo de Sessão"",""required"":false,""schema"":{""type"":""string""},""example"":""DOR""},{""name"":""numeroSessao"",""in"":""query"",""description"":""Número da Sessão"",""required"":false,""schema"":{""type"":""string""},""example"":456},{""name"":""v"",""in"":""query"",""description"":""Versão do serviço. Exemplificada a última disponível."",""required"":false,""schema"":{""type"":""integer"",""format"":""int32""},""example"":4}]","{""type"":""string""}",false,Nao declarada de forma uniforme na especificacao OpenAPI,Nao declarada de forma uniforme na especificacao OpenAPI,docs/chaves_relacionamentos.md (exploratorio),2026-10-09T13:52:33+00:00,https://legis.senado.leg.br/dadosabertos/v3/api-docs,"Paginacao, filtros, autenticacao e limites devem ser interpretados pela especificacao; nao coletar sem escopo."
senado,api_endpoint,Plenário; Votação,Lista os Tipos de Comparecimento em Votações do Plenário,GET,https://legis.senado.leg.br/dadosabertos/plenario/lista/tiposComparecimento,,[],{},false,Nao declarada de forma uniforme na especificacao OpenAPI,Nao declarada de forma uniforme na especificacao OpenAPI,docs/chaves_relacionamentos.md (exploratorio),2026-10-09T13:52:33+00:00,https://legis.senado.leg.br/dadosabertos/v3/api-docs,"Paginacao, filtros, autenticacao e limites devem ser interpretados pela especificacao; nao coletar sem escopo."
senado,api_endpoint,Plenário; Votação,(DEPRECATED) Lista de Votações Nominais nas Sessões por período,GET,https://legis.senado.leg.br/dadosabertos/plenario/lista/votacao/{dataInicio}/{dataFim},application/xml; application/json; text/csv,"[{""name"":""dataInicio"",""in"":""path"",""description"":""Data de início do período da consulta no formato AAAAMMDD"",""required"":true,""schema"":{""type"":""string""},""example"":20160401},{""name"":""dataFim"",""in"":""path"",""description"":""Data de fim do período da consulta no formato AAAAMMDD"",""required"":true,""schema"":{""type"":""string""},""example"":20160430},{""name"":""v"",""in"":""query"",""description"":""Versão do serviço. Exemplificada a última disponível."",""required"":false,""schema"":{""type"":""integer"",""format"":""int32"",""default"":2},""example"":2}]","{""type"":""string""}",true,Nao declarada de forma uniforme na especificacao OpenAPI,Nao declarada de forma uniforme na especificacao OpenAPI,docs/chaves_relacionamentos.md (exploratorio),2026-10-09T13:52:33+00:00,https://legis.senado.leg.br/dadosabertos/v3/api-docs,"Paginacao, filtros, autenticacao e limites devem ser interpretados pela especificacao; nao coletar sem escopo."
senado,api_endpoint,Plenário; Votação,(DEPRECATED) Lista de Votações Nominais nas Sessões por data,GET,https://legis.senado.leg.br/dadosabertos/plenario/lista/votacao/{dataSessao},application/xml; application/json; text/csv,"[{""name"":""dataSessao"",""in"":""path"",""description"":""Data de referência da Sessão no formato AAAAMMDD"",""required"":true,""schema"":{""type"":""string""},""example"":20130516},{""name"":""v"",""in"":""query"",""description"":""Versão do serviço. Exemplificada a última disponível."",""required"":false,""schema"":{""type"":""integer"",""format"":""int32"",""default"":2},""example"":2}]","{""type"":""string""}",true,Nao declarada de forma uniforme na especificacao OpenAPI,Nao declarada de forma uniforme na especificacao OpenAPI,docs/chaves_relacionamentos.md (exploratorio),2026-10-09T13:52:33+00:00,https://legis.senado.leg.br/dadosabertos/v3/api-docs,"Paginacao, filtros, autenticacao e limites devem ser interpretados pela especificacao; nao coletar sem escopo."
senado,api_endpoint,Plenário; Votação,Resultado da Votação Nominal de um Dispositivo do Veto (em Vetos Parciais),GET,https://legis.senado.leg.br/dadosabertos/plenario/resultado/veto/dispositivo/{codigo},application/xml; application/json; text/csv,"[{""name"":""codigo"",""in"":""path"",""description"":""Código do Dispositivo do Veto"",""required"":true,""schema"":{""type"":""integer"",""format"":""int32""},""example"":30582},{""name"":""v"",""in"":""query"",""description"":""Versão do serviço. Exemplificada a última disponível."",""required"":false,""schema"":{""type"":""integer"",""format"":""int32"",""default"":7},""example"":7}]","{""type"":""string""}",false,Nao declarada de forma uniforme na especificacao OpenAPI,Nao declarada de forma uniforme na especificacao OpenAPI,docs/chaves_relacionamentos.md (exploratorio),2026-10-09T13:52:33+00:00,https://legis.senado.leg.br/dadosabertos/v3/api-docs,"Paginacao, filtros, autenticacao e limites devem ser interpretados pela especificacao; nao coletar sem escopo."
senado,api_endpoint,Plenário; Votação,Resultado da Votação Nominal do Veto a um Projeto de Lei,GET,https://legis.senado.leg.br/dadosabertos/plenario/resultado/veto/materia/{codigo},application/xml; application/json; text/csv,"[{""name"":""codigo"",""in"":""path"",""description"":""Código da Matéria"",""required"":true,""schema"":{""type"":""integer"",""format"":""int32""},""example"":132990},{""name"":""v"",""in"":""query"",""description"":""Versão do serviço. Exemplificada a última disponível."",""required"":false,""schema"":{""type"":""integer"",""format"":""int32"",""default"":7},""example"":7}]","{""type"":""string""}",false,Nao declarada de forma uniforme na especificacao OpenAPI,Nao declarada de forma uniforme na especificacao OpenAPI,docs/chaves_relacionamentos.md (exploratorio),2026-10-09T13:52:33+00:00,https://legis.senado.leg.br/dadosabertos/v3/api-docs,"Paginacao, filtros, autenticacao e limites devem ser interpretados pela especificacao; nao coletar sem escopo."
senado,api_endpoint,Plenário; Votação,Resultado da Votação Nominal de Veto,GET,https://legis.senado.leg.br/dadosabertos/plenario/resultado/veto/{codigo},application/xml; application/json; text/csv,"[{""name"":""codigo"",""in"":""path"",""description"":""Código do Veto"",""required"":true,""schema"":{""type"":""integer"",""format"":""int32""},""example"":11762},{""name"":""v"",""in"":""query"",""description"":""Versão do serviço. Exemplificada a última disponível."",""required"":false,""schema"":{""type"":""integer"",""format"":""int32"",""default"":7},""example"":7}]","{""type"":""string""}",false,Nao declarada de forma uniforme na especificacao OpenAPI,Nao declarada de forma uniforme na especificacao OpenAPI,docs/chaves_relacionamentos.md (exploratorio),2026-10-09T13:52:33+00:00,https://legis.senado.leg.br/dadosabertos/v3/api-docs,"Paginacao, filtros, autenticacao e limites devem ser interpretados pela especificacao; nao coletar sem escopo."
senado,api_endpoint,Plenário; Votação,(DEPRECATED) Votações Nominais por ano,GET,https://legis.senado.leg.br/dadosabertos/plenario/votacao/nominal/{ano},,"[{""name"":""ano"",""in"":""path"",""description"":""Ano de referência desejado, no formato AAAA."",""required"":true,""schema"":{""type"":""integer"",""format"":""int32""},""example"":2023}]",{},true,Nao declarada de forma uniforme na especificacao OpenAPI,Nao declarada de forma uniforme na especificacao OpenAPI,docs/chaves_relacionamentos.md (exploratorio),2026-10-09T13:52:33+00:00,https://legis.senado.leg.br/dadosabertos/v3/api-docs,"Paginacao, filtros, autenticacao e limites devem ser interpretados pela especificacao; nao coletar sem escopo."
senado,api_endpoint,Plenário; Votação,Orientação de Bancada para Votação de Matéria das Sessões que ocorreram em um período,GET,https://legis.senado.leg.br/dadosabertos/plenario/votacao/orientacaoBancada/{dataInicio}/{dataFim},application/xml; application/json; text/csv,"[{""name"":""dataInicio"",""in"":""path"",""description"":""Data de início do período da consulta no formato AAAAMMDD"",""required"":true,""schema"":{""type"":""string""},""example"":20231212},{""name"":""dataFim"",""in"":""path"",""description"":""Data de fim do período da consulta no formato AAAAMMDD"",""required"":true,""schema"":{""type"":""string""},""example"":20231220},{""name"":""v"",""in"":""query"",""description"":""Versão do serviço. Exemplificada a última disponível."",""required"":false,""schema"":{""type"":""integer"",""format"":""int32"",""default"":1},""example"":1}]","{""type"":""string""}",false,Nao declarada de forma uniforme na especificacao OpenAPI,Nao declarada de forma uniforme na especificacao OpenAPI,docs/chaves_relacionamentos.md (exploratorio),2026-10-09T13:52:33+00:00,https://legis.senado.leg.br/dadosabertos/v3/api-docs,"Paginacao, filtros, autenticacao e limites devem ser interpretados pela especificacao; nao coletar sem escopo."
senado,api_endpoint,Plenário; Votação,Orientação de Bancada para Votação de Matéria das Sessões que ocorreram em uma data,GET,https://legis.senado.leg.br/dadosabertos/plenario/votacao/orientacaoBancada/{dataSessao},application/xml; application/json; text/csv,"[{""name"":""dataSessao"",""in"":""path"",""description"":""Data de referência da consulta no formato AAAAMMDD"",""required"":true,""schema"":{""type"":""string""},""example"":20220209},{""name"":""v"",""in"":""query"",""description"":""Versão do serviço. Exemplificada a última disponível."",""required"":false,""schema"":{""type"":""integer"",""format"":""int32"",""default"":1},""example"":1}]","{""type"":""string""}",false,Nao declarada de forma uniforme na especificacao OpenAPI,Nao declarada de forma uniforme na especificacao OpenAPI,docs/chaves_relacionamentos.md (exploratorio),2026-10-09T13:52:33+00:00,https://legis.senado.leg.br/dadosabertos/v3/api-docs,"Paginacao, filtros, autenticacao e limites devem ser interpretados pela especificacao; nao coletar sem escopo."
senado,api_endpoint,Processo,"Lista Parlamentares Autores de Processos em tramitação no Senado Federal ou no
Congresso Nacional, com o quantitativo de processos de sua autoria.
",GET,https://legis.senado.leg.br/dadosabertos/autor/lista/atual,,[],{},false,Nao declarada de forma uniforme na especificacao OpenAPI,Nao declarada de forma uniforme na especificacao OpenAPI,docs/chaves_relacionamentos.md (exploratorio),2026-10-09T13:52:33+00:00,https://legis.senado.leg.br/dadosabertos/v3/api-docs,"Paginacao, filtros, autenticacao e limites devem ser interpretados pela especificacao; nao coletar sem escopo."
senado,api_endpoint,Processo,(DEPRECATED) Lista os Tipos de Autor,GET,https://legis.senado.leg.br/dadosabertos/autor/tiposAutor,,[],{},true,Nao declarada de forma uniforme na especificacao OpenAPI,Nao declarada de forma uniforme na especificacao OpenAPI,docs/chaves_relacionamentos.md (exploratorio),2026-10-09T13:52:33+00:00,https://legis.senado.leg.br/dadosabertos/v3/api-docs,"Paginacao, filtros, autenticacao e limites devem ser interpretados pela especificacao; nao coletar sem escopo."
senado,api_endpoint,Processo,(DEPRECATED) Lista de Assuntos de Matérias Legislativas (Proposições),GET,https://legis.senado.leg.br/dadosabertos/materia/assuntos,,[],{},true,Nao declarada de forma uniforme na especificacao OpenAPI,Nao declarada de forma uniforme na especificacao OpenAPI,docs/chaves_relacionamentos.md (exploratorio),2026-10-09T13:52:33+00:00,https://legis.senado.leg.br/dadosabertos/v3/api-docs,"Paginacao, filtros, autenticacao e limites devem ser interpretados pela especificacao; nao coletar sem escopo."
senado,api_endpoint,Processo,(DEPRECATED) Atualizações mais recentes de uma Matéria,GET,https://legis.senado.leg.br/dadosabertos/materia/atualizacoes/{codigo},application/xml; application/json; text/csv; */*,"[{""name"":""codigo"",""in"":""path"",""description"":""Código da matéria"",""required"":true,""schema"":{""type"":""string""},""example"":140534},{""name"":""numdias"",""in"":""query"",""description"":""Número de dias a considerar (X): atualizações ocorridas nos últimos X dias - X por default é 30.\nEstão disponíbeis as atualizações dos últimos 30 dias.\n"",""required"":false,""schema"":{""type"":""string""},""example"":30},{""name"":""v"",""in"":""query"",""description"":""Versão do serviço. Exemplificada a última disponível."",""required"":false,""schema"":{""type"":""integer"",""format"":""int32""},""example"":5}]","{""type"":""string""}",true,Nao declarada de forma uniforme na especificacao OpenAPI,Nao declarada de forma uniforme na especificacao OpenAPI,docs/chaves_relacionamentos.md (exploratorio),2026-10-09T13:52:33+00:00,https://legis.senado.leg.br/dadosabertos/v3/api-docs,"Paginacao, filtros, autenticacao e limites devem ser interpretados pela especificacao; nao coletar sem escopo."
senado,api_endpoint,Processo,(DEPRECATED) Lista as Matérias que foram incluídas ou sofreram atualização nos últimos dias (default = 5),GET,https://legis.senado.leg.br/dadosabertos/materia/atualizadas,application/xml; application/json; text/csv,"[{""name"":""numdias"",""in"":""query"",""description"":""Número de dias a considerar (X): matérias alteradas nos últimos X dias - X por default é 5. Há dados de até 30 dias"",""required"":false,""schema"":{""type"":""integer"",""format"":""int32"",""maximum"":30},""example"":5},{""name"":""alteracao"",""in"":""query"",""description"":""Tipo de alteração da matéria. Veja lista em /dadosabertos/materia/tiposatualizacoes"",""required"":false,""schema"":{""type"":""string""}},{""name"":""codigo"",""in"":""query"",""description"":""Código da matéria"",""required"":false,""schema"":{""type"":""integer"",""format"":""int64""}},{""name"":""sigla"",""in"":""query"",""description"":""Sigla do subtipo da matéria. Veja lista em /dadosabertos/materia/subtipos"",""required"":false,""schema"":{""type"":""string""},""example"":""PL""},{""name"":""numero"",""in"":""query"",""description"":""Número da matéria"",""required"":false,""schema"":{""type"":""string""}},{""name"":""ano"",""in"":""query"",""description"":""Ano da matéria"",""required"":false,""schema"":{""type"":""integer"",""format"":""int32""}},{""name"":""codAssuntoGeral"",""in"":""query"",""description"":""Código do assunto geral da matéria"",""required"":false,""schema"":{""type"":""integer"",""format"":""int64""}},{""name"":""codAssuntoEspecifico"",""in"":""query"",""description"":""Código do assunto específico da matéria. Veja lista em /dadosabertos/materia/assuntos"",""required"":false,""schema"":{""type"":""integer"",""format"":""int64""}},{""name"":""termo"",""in"":""query"",""description"":""Termo a ser pesquisado na indexação da matéria"",""required"":false,""schema"":{""type"":""string""}},{""name"":""v"",""in"":""query"",""description"":""Versão do serviço. Exemplificada a última disponível."",""required"":false,""schema"":{""type"":""integer"",""format"":""int32""},""example"":5}]","{""type"":""string""}",true,Nao declarada de forma uniforme na especificacao OpenAPI,Nao declarada de forma uniforme na especificacao OpenAPI,docs/chaves_relacionamentos.md (exploratorio),2026-10-09T13:52:33+00:00,https://legis.senado.leg.br/dadosabertos/v3/api-docs,"Paginacao, filtros, autenticacao e limites devem ser interpretados pela especificacao; nao coletar sem escopo."
senado,api_endpoint,Processo,(DEPRECATED) Autoria da Matéria,GET,https://legis.senado.leg.br/dadosabertos/materia/autoria/{codigo},application/xml; application/json; text/csv; */*,"[{""name"":""codigo"",""in"":""path"",""description"":""Código da Matéria"",""required"":true,""schema"":{""type"":""integer"",""format"":""int64""},""example"":131506},{""name"":""v"",""in"":""query"",""description"":""Versão do serviço. Exemplificada a última disponível."",""required"":false,""schema"":{""type"":""integer"",""format"":""int32"",""default"":1},""example"":1}]","{""type"":""string""}",true,Nao declarada de forma uniforme na especificacao OpenAPI,Nao declarada de forma uniforme na especificacao OpenAPI,docs/chaves_relacionamentos.md (exploratorio),2026-10-09T13:52:33+00:00,https://legis.senado.leg.br/dadosabertos/v3/api-docs,"Paginacao, filtros, autenticacao e limites devem ser interpretados pela especificacao; nao coletar sem escopo."
senado,api_endpoint,Processo,(DEPRECATED) Lista as Classificações de Matérias Legislativas,GET,https://legis.senado.leg.br/dadosabertos/materia/classes,,[],{},true,Nao declarada de forma uniforme na especificacao OpenAPI,Nao declarada de forma uniforme na especificacao OpenAPI,docs/chaves_relacionamentos.md (exploratorio),2026-10-09T13:52:33+00:00,https://legis.senado.leg.br/dadosabertos/v3/api-docs,"Paginacao, filtros, autenticacao e limites devem ser interpretados pela especificacao; nao coletar sem escopo."
senado,api_endpoint,Processo,(DEPRECATED) Lista os Tipos de Decisões em votações de Matérias Legislativas,GET,https://legis.senado.leg.br/dadosabertos/materia/decisoes,,[],{},true,Nao declarada de forma uniforme na especificacao OpenAPI,Nao declarada de forma uniforme na especificacao OpenAPI,docs/chaves_relacionamentos.md (exploratorio),2026-10-09T13:52:33+00:00,https://legis.senado.leg.br/dadosabertos/v3/api-docs,"Paginacao, filtros, autenticacao e limites devem ser interpretados pela especificacao; nao coletar sem escopo."
senado,api_endpoint,Processo,(DEPRECATED) Lista os Destinos possíveis de Matérias Legislativas,GET,https://legis.senado.leg.br/dadosabertos/materia/destinos,,[],{},true,Nao declarada de forma uniforme na especificacao OpenAPI,Nao declarada de forma uniforme na especificacao OpenAPI,docs/chaves_relacionamentos.md (exploratorio),2026-10-09T13:52:33+00:00,https://legis.senado.leg.br/dadosabertos/v3/api-docs,"Paginacao, filtros, autenticacao e limites devem ser interpretados pela especificacao; nao coletar sem escopo."
senado,api_endpoint,Processo,Distribuição de autoria de matérias (por comissão e/ou parlamentar),GET,https://legis.senado.leg.br/dadosabertos/materia/distribuicao/autoria,application/xml; application/json; text/csv,"[{""name"":""siglaComissao"",""in"":""query"",""description"":""Sigla da comissão"",""required"":false,""schema"":{""type"":""string""},""example"":""CCJ""},{""name"":""codParlamentar"",""in"":""query"",""description"":""Código do parlamentar"",""required"":false,""schema"":{""type"":""integer"",""format"":""int64""},""example"":3830},{""name"":""v"",""in"":""query"",""description"":""Versão do serviço. Exemplificada a última disponível."",""required"":false,""schema"":{""type"":""integer"",""format"":""int32""},""example"":5}]","{""type"":""string""}",false,Nao declarada de forma uniforme na especificacao OpenAPI,Nao declarada de forma uniforme na especificacao OpenAPI,docs/chaves_relacionamentos.md (exploratorio),2026-10-09T13:52:33+00:00,https://legis.senado.leg.br/dadosabertos/v3/api-docs,"Paginacao, filtros, autenticacao e limites devem ser interpretados pela especificacao; nao coletar sem escopo."
senado,api_endpoint,Processo,Distribuição de autoria de matérias em uma comissão,GET,https://legis.senado.leg.br/dadosabertos/materia/distribuicao/autoria/{siglaComissao},application/xml; application/json; text/csv,"[{""name"":""siglaComissao"",""in"":""path"",""description"":""Sigla da comissão"",""required"":true,""schema"":{""type"":""string""},""example"":""CCJ""},{""name"":""codParlamentar"",""in"":""query"",""description"":""Código do parlamentar"",""required"":false,""schema"":{""type"":""integer"",""format"":""int64""},""example"":3830}]","{""type"":""string""}",false,Nao declarada de forma uniforme na especificacao OpenAPI,Nao declarada de forma uniforme na especificacao OpenAPI,docs/chaves_relacionamentos.md (exploratorio),2026-10-09T13:52:33+00:00,https://legis.senado.leg.br/dadosabertos/v3/api-docs,"Paginacao, filtros, autenticacao e limites devem ser interpretados pela especificacao; nao coletar sem escopo."
senado,api_endpoint,Processo,Distribuição de relatoria de matérias em uma comissão,GET,https://legis.senado.leg.br/dadosabertos/materia/distribuicao/relatoria/{sigla},application/xml; application/json; text/csv,"[{""name"":""sigla"",""in"":""path"",""description"":""Sigla da comissão"",""required"":true,""schema"":{""type"":""string""},""example"":""CCJ""},{""name"":""v"",""in"":""query"",""description"":""Versão do serviço. Exemplificada a última disponível."",""required"":false,""schema"":{""type"":""integer"",""format"":""int32"",""default"":2},""example"":2}]","{""type"":""string""}",false,Nao declarada de forma uniforme na especificacao OpenAPI,Nao declarada de forma uniforme na especificacao OpenAPI,docs/chaves_relacionamentos.md (exploratorio),2026-10-09T13:52:33+00:00,https://legis.senado.leg.br/dadosabertos/v3/api-docs,"Paginacao, filtros, autenticacao e limites devem ser interpretados pela especificacao; nao coletar sem escopo."
senado,api_endpoint,Processo,(DEPRECATED) Detalhes da Emenda - por ID do Documento da Emenda,GET,https://legis.senado.leg.br/dadosabertos/materia/emenda/{idDomaEmenda},application/xml; application/json; text/csv; */*,"[{""name"":""idDomaEmenda"",""in"":""path"",""description"":""Identificação do Documento Manifestação da Emenda"",""required"":true,""schema"":{""type"":""integer"",""format"":""int64""},""example"":7950411},{""name"":""v"",""in"":""query"",""description"":""Versão do serviço. Exemplificada a última disponível."",""required"":false,""schema"":{""type"":""integer"",""format"":""int32"",""default"":5},""example"":5}]","{""type"":""string""}",true,Nao declarada de forma uniforme na especificacao OpenAPI,Nao declarada de forma uniforme na especificacao OpenAPI,docs/chaves_relacionamentos.md (exploratorio),2026-10-09T13:52:33+00:00,https://legis.senado.leg.br/dadosabertos/v3/api-docs,"Paginacao, filtros, autenticacao e limites devem ser interpretados pela especificacao; nao coletar sem escopo."
senado,api_endpoint,Processo,(DEPRECATED) Emendas da Matéria,GET,https://legis.senado.leg.br/dadosabertos/materia/emendas/{codigo},application/xml; application/json; text/csv; */*,"[{""name"":""codigo"",""in"":""path"",""description"":""Código da Matéria"",""required"":true,""schema"":{""type"":""integer"",""format"":""int64""},""example"":135064},{""name"":""v"",""in"":""query"",""description"":""Versão do serviço. Exemplificada a última disponível."",""required"":false,""schema"":{""type"":""integer"",""format"":""int32"",""default"":6},""example"":6}]","{""type"":""string""}",true,Nao declarada de forma uniforme na especificacao OpenAPI,Nao declarada de forma uniforme na especificacao OpenAPI,docs/chaves_relacionamentos.md (exploratorio),2026-10-09T13:52:33+00:00,https://legis.senado.leg.br/dadosabertos/v3/api-docs,"Paginacao, filtros, autenticacao e limites devem ser interpretados pela especificacao; nao coletar sem escopo."
senado,api_endpoint,Processo,(DEPRECATED) Lista as Matérias que estão em tramitação ou que tramitaram na Legislatura atual,GET,https://legis.senado.leg.br/dadosabertos/materia/legislaturaatual,application/xml; application/json; text/csv; */*,"[{""name"":""tramitando"",""in"":""query"",""description"":""    (S ou N) - Retorna apenas as matérias que estão tramitando (S) ou apenas as que não estão (N).\n    Se o parâmetro não for informado, retorna ambas.\n"",""required"":false,""schema"":{""type"":""string""}},{""name"":""sigla"",""in"":""query"",""description"":""Sigla do subtipo da matéria. Veja lista em /dadosabertos/materia/subtipos"",""required"":false,""schema"":{""type"":""string""},""example"":""PEC""},{""name"":""numero"",""in"":""query"",""description"":""Número da matéria"",""required"":false,""schema"":{""type"":""string""},""example"":1},{""name"":""ano"",""in"":""query"",""description"":""Ano da matéria"",""required"":false,""schema"":{""type"":""integer"",""format"":""int32""}},{""name"":""v"",""in"":""query"",""description"":""Versão do serviço. Exemplificada a última disponível."",""required"":false,""schema"":{""type"":""integer"",""format"":""int32""},""example"":5}]","{""type"":""string""}",true,Nao declarada de forma uniforme na especificacao OpenAPI,Nao declarada de forma uniforme na especificacao OpenAPI,docs/chaves_relacionamentos.md (exploratorio),2026-10-09T13:52:33+00:00,https://legis.senado.leg.br/dadosabertos/v3/api-docs,"Paginacao, filtros, autenticacao e limites devem ser interpretados pela especificacao; nao coletar sem escopo."
senado,api_endpoint,Processo,(DEPRECATD) Lista as Matérias Legislativas localizadas em uma Comissão,GET,https://legis.senado.leg.br/dadosabertos/materia/lista/comissao,application/xml; application/json; text/csv,"[{""name"":""materia"",""in"":""query"",""description"":""Código da Matéria"",""required"":false,""schema"":{""type"":""integer"",""format"":""int32""},""example"":141069},{""name"":""comissao"",""in"":""query"",""description"":""Sigla da Comissão"",""required"":false,""schema"":{""type"":""string""},""example"":""CCJ""},{""name"":""situacao"",""in"":""query"",""description"":""Sigla da Situação da Matéria - veja tipos possíveis em /dadosabertos/materia/situacoes"",""required"":false,""schema"":{""type"":""string""},""example"":""RELATORIA""},{""name"":""v"",""in"":""query"",""description"":""Versão do serviço. Exemplificada a última disponível."",""required"":false,""schema"":{""type"":""integer"",""format"":""int32""},""example"":2}]","{""type"":""string""}",true,Nao declarada de forma uniforme na especificacao OpenAPI,Nao declarada de forma uniforme na especificacao OpenAPI,docs/chaves_relacionamentos.md (exploratorio),2026-10-09T13:52:33+00:00,https://legis.senado.leg.br/dadosabertos/v3/api-docs,"Paginacao, filtros, autenticacao e limites devem ser interpretados pela especificacao; nao coletar sem escopo."
senado,api_endpoint,Processo,(DEPRECATED) Matérias Legislativas que tramitam com Prazo determinado,GET,https://legis.senado.leg.br/dadosabertos/materia/lista/prazo/{codPrazo},application/xml; application/json; text/csv,"[{""name"":""codPrazo"",""in"":""path"",""description"":""Código do Tipo de Prazo (use 0 para todos tipos) - veja lista de Tipos em /dadosabertos/materia/tiposPrazo"",""required"":true,""schema"":{""type"":""integer"",""format"":""int64""},""example"":0},{""name"":""comissao"",""in"":""query"",""description"":""Sigla da comissão"",""required"":false,""schema"":{""type"":""string""},""example"":""CAE""},{""name"":""tipo"",""in"":""query"",""description"":""Sigla da identificação"",""required"":false,""schema"":{""type"":""string""},""example"":""PL""},{""name"":""v"",""in"":""query"",""description"":""Versão do serviço. Exemplificada a última disponível."",""required"":false,""schema"":{""type"":""integer"",""format"":""int32""},""example"":6}]","{""type"":""string""}",true,Nao declarada de forma uniforme na especificacao OpenAPI,Nao declarada de forma uniforme na especificacao OpenAPI,docs/chaves_relacionamentos.md (exploratorio),2026-10-09T13:52:33+00:00,https://legis.senado.leg.br/dadosabertos/v3/api-docs,"Paginacao, filtros, autenticacao e limites devem ser interpretados pela especificacao; nao coletar sem escopo."
senado,api_endpoint,Processo,Total de Processos em tramitação no Senado Federal ou no Congresso Nacional por Tipo ou pelo Colegiado em que se encontra (Plenário ou Comissão),GET,https://legis.senado.leg.br/dadosabertos/materia/lista/tramitacao,application/xml; application/json; text/csv,"[{""name"":""sigla"",""in"":""query"",""description"":""Sigla do Subtipo de Proposição (Matéria)"",""required"":false,""schema"":{""type"":""string""},""example"":""PL""},{""name"":""ano"",""in"":""query"",""description"":""Ano da Proposição"",""required"":false,""schema"":{""type"":""string""},""example"":2023},{""name"":""comissao"",""in"":""query"",""description"":""Sigla da Comissão"",""required"":false,""schema"":{""type"":""string""},""example"":""CCJ""},{""name"":""v"",""in"":""query"",""description"":""Versão do serviço. Exemplificada a última disponível."",""required"":false,""schema"":{""type"":""integer"",""format"":""int32""},""example"":2}]","{""type"":""string""}",false,Nao declarada de forma uniforme na especificacao OpenAPI,Nao declarada de forma uniforme na especificacao OpenAPI,docs/chaves_relacionamentos.md (exploratorio),2026-10-09T13:52:33+00:00,https://legis.senado.leg.br/dadosabertos/v3/api-docs,"Paginacao, filtros, autenticacao e limites devem ser interpretados pela especificacao; nao coletar sem escopo."
senado,api_endpoint,Processo,(DEPRECATED) Lista os Entes Jurídicos possíveis de localização de Matérias Legislativas,GET,https://legis.senado.leg.br/dadosabertos/materia/locais,,[],{},true,Nao declarada de forma uniforme na especificacao OpenAPI,Nao declarada de forma uniforme na especificacao OpenAPI,docs/chaves_relacionamentos.md (exploratorio),2026-10-09T13:52:33+00:00,https://legis.senado.leg.br/dadosabertos/v3/api-docs,"Paginacao, filtros, autenticacao e limites devem ser interpretados pela especificacao; nao coletar sem escopo."
senado,api_endpoint,Processo,"(DEPRECATED) Movimentação da Matéria, incluindo tramitação, prazos, despachos, situação etc.",GET,https://legis.senado.leg.br/dadosabertos/materia/movimentacoes/{codigo},application/xml; application/json; text/csv; */*,"[{""name"":""codigo"",""in"":""path"",""description"":""Código da Matéria"",""required"":true,""schema"":{""type"":""integer"",""format"":""int64""},""example"":95997},{""name"":""dataref"",""in"":""query"",""description"":""Formato AAAAMMDD - Filtra ocorrências a partir da data especificada"",""required"":false,""schema"":{""type"":""string""},""example"":20120210},{""name"":""v"",""in"":""query"",""description"":""Versão do serviço. Exemplificada a última disponível."",""required"":false,""schema"":{""type"":""integer"",""format"":""int32"",""default"":7},""example"":7}]","{""type"":""string""}",true,Nao declarada de forma uniforme na especificacao OpenAPI,Nao declarada de forma uniforme na especificacao OpenAPI,docs/chaves_relacionamentos.md (exploratorio),2026-10-09T13:52:33+00:00,https://legis.senado.leg.br/dadosabertos/v3/api-docs,"Paginacao, filtros, autenticacao e limites devem ser interpretados pela especificacao; nao coletar sem escopo."
senado,api_endpoint,Processo,(DEPRECATED) Sessões em que a Matéria foi pautada na Ordem do Dia,GET,https://legis.senado.leg.br/dadosabertos/materia/ordia/{codigo},application/xml; application/json; text/csv; */*,"[{""name"":""codigo"",""in"":""path"",""description"":""Código da Matéria"",""required"":true,""schema"":{""type"":""integer"",""format"":""int64""},""example"":116682},{""name"":""v"",""in"":""query"",""description"":""Versão do serviço. Exemplificada a última disponível."",""required"":false,""schema"":{""type"":""integer"",""format"":""int32"",""default"":4},""example"":4}]","{""type"":""string""}",true,Nao declarada de forma uniforme na especificacao OpenAPI,Nao declarada de forma uniforme na especificacao OpenAPI,docs/chaves_relacionamentos.md (exploratorio),2026-10-09T13:52:33+00:00,https://legis.senado.leg.br/dadosabertos/v3/api-docs,"Paginacao, filtros, autenticacao e limites devem ser interpretados pela especificacao; nao coletar sem escopo."
senado,api_endpoint,Processo,(DEPRECATED) Pesquisa básica de matérias,GET,https://legis.senado.leg.br/dadosabertos/materia/pesquisa/lista,application/xml; application/json; text/csv; */*,"[{""name"":""tramitando"",""in"":""query"",""description"":""Indica se a matéria está tramitando (S) ou não (N)"",""required"":false,""schema"":{""type"":""string""},""example"":""S""},{""name"":""sigla"",""in"":""query"",""description"":""Sigla do subtipo da matéria"",""required"":false,""schema"":{""type"":""string""},""example"":""MPV""},{""name"":""numero"",""in"":""query"",""description"":""Número da matéria"",""required"":false,""schema"":{""type"":""string""}},{""name"":""ano"",""in"":""query"",""description"":""Ano da matéria"",""required"":false,""schema"":{""type"":""integer"",""format"":""int32""}},{""name"":""siglaComissaoReq"",""in"":""query"",""description"":""Sigla da comissão do requerimento - para requerimentos de comissão após 2019 (REQ)"",""required"":false,""schema"":{""type"":""string""}},{""name"":""nomeAutor"",""in"":""query"",""description"":""Nome do autor da matéria"",""required"":false,""schema"":{""type"":""string""}},{""name"":""dataInicioApresentacao"",""in"":""query"",""description"":""Data de início para pesquisa da data de apresentação da matéria, no formato AAAAMMDD"",""required"":false,""schema"":{""type"":""string"",""format"":""date""}},{""name"":""dataFimApresentacao"",""in"":""query"",""description"":""Data de fim para pesquisa da data de apresentação da matéria, no formato AAAAMMDD"",""required"":false,""schema"":{""type"":""string"",""format"":""date""}},{""name"":""codigoClasse"",""in"":""query"",""description"":""Código de classificação da matéria - veja lista de tipos em /dadosabertos/materia/classes"",""required"":false,""schema"":{""type"":""integer"",""format"":""int64""}},{""name"":""codigoConteudo"",""in"":""query"",""description"":""Código do tipo de conteúdo da matéria - veja lista de tipos em /dadosabertos/materia/tiposNatureza"",""required"":false,""schema"":{""type"":""integer"",""format"":""int64""}},{""name"":""tipoNorma"",""in"":""query"",""description"":""Sigla do tipo da norma jurídica gerada"",""required"":false,""schema"":{""type"":""string""}},{""name"":""numeroNorma"",""in"":""query"",""description"":""Número da norma jurídica gerada"",""required"":false,""schema"":{""type"":""string""}},{""name"":""anoNorma"",""in"":""query"",""description"":""Ano da norma jurídica gerada"",""required"":false,""schema"":{""type"":""integer"",""format"":""int32""}},{""name"":""palavraChave"",""in"":""query"",""description"":""Palavra chave para pesquisa no conteúdo e indexação da matéria"",""required"":false,""schema"":{""type"":""string""}},{""name"":""v"",""in"":""query"",""description"":""Versão do serviço. Exemplificada a última disponível."",""required"":false,""schema"":{""type"":""integer"",""format"":""int32""},""example"":7}]","{""type"":""string""}",true,Nao declarada de forma uniforme na especificacao OpenAPI,Nao declarada de forma uniforme na especificacao OpenAPI,docs/chaves_relacionamentos.md (exploratorio),2026-10-09T13:52:33+00:00,https://legis.senado.leg.br/dadosabertos/v3/api-docs,"Paginacao, filtros, autenticacao e limites devem ser interpretados pela especificacao; nao coletar sem escopo."
senado,api_endpoint,Processo,(DEPRECATED) Relatorias da Matéria,GET,https://legis.senado.leg.br/dadosabertos/materia/relatorias/{codigo},application/xml; application/json; text/csv; */*,"[{""name"":""codigo"",""in"":""path"",""description"":""Código da Matéria"",""required"":true,""schema"":{""type"":""integer"",""format"":""int64""},""example"":131506},{""name"":""v"",""in"":""query"",""description"":""Versão do serviço. Exemplificada a última disponível."",""required"":false,""schema"":{""type"":""integer"",""format"":""int32"",""default"":5},""example"":5}]","{""type"":""string""}",true,Nao declarada de forma uniforme na especificacao OpenAPI,Nao declarada de forma uniforme na especificacao OpenAPI,docs/chaves_relacionamentos.md (exploratorio),2026-10-09T13:52:33+00:00,https://legis.senado.leg.br/dadosabertos/v3/api-docs,"Paginacao, filtros, autenticacao e limites devem ser interpretados pela especificacao; nao coletar sem escopo."
senado,api_endpoint,Processo,(DEPRECATED) Situação atual e Localização das Matérias que tramitaram na Data informada,GET,https://legis.senado.leg.br/dadosabertos/materia/situacaoatual/tramitacao/{data},application/xml; application/json; text/csv; */*,"[{""name"":""data"",""in"":""path"",""description"":""Data da Tramitação - formato AAAAMMDD"",""required"":true,""schema"":{""type"":""string""},""example"":20140410},{""name"":""v"",""in"":""query"",""description"":""Versão do serviço. Exemplificada a última disponível."",""required"":false,""schema"":{""type"":""integer"",""format"":""int32"",""default"":3},""example"":3}]","{""type"":""string""}",true,Nao declarada de forma uniforme na especificacao OpenAPI,Nao declarada de forma uniforme na especificacao OpenAPI,docs/chaves_relacionamentos.md (exploratorio),2026-10-09T13:52:33+00:00,https://legis.senado.leg.br/dadosabertos/v3/api-docs,"Paginacao, filtros, autenticacao e limites devem ser interpretados pela especificacao; nao coletar sem escopo."
senado,api_endpoint,Processo,(DEPRECATED) Situação e Localização atuais da Matéria,GET,https://legis.senado.leg.br/dadosabertos/materia/situacaoatual/{codigo},application/xml; application/json; text/csv; */*,"[{""name"":""codigo"",""in"":""path"",""description"":""Código da Matéria"",""required"":true,""schema"":{""type"":""integer"",""format"":""int64""},""example"":80406},{""name"":""v"",""in"":""query"",""description"":""Versão do serviço. Exemplificada a última disponível."",""required"":false,""schema"":{""type"":""integer"",""format"":""int32"",""default"":3},""example"":3}]","{""type"":""string""}",true,Nao declarada de forma uniforme na especificacao OpenAPI,Nao declarada de forma uniforme na especificacao OpenAPI,docs/chaves_relacionamentos.md (exploratorio),2026-10-09T13:52:33+00:00,https://legis.senado.leg.br/dadosabertos/v3/api-docs,"Paginacao, filtros, autenticacao e limites devem ser interpretados pela especificacao; nao coletar sem escopo."
senado,api_endpoint,Processo,(DEPRECATED) Situações possíveis de Matérias Legislativas,GET,https://legis.senado.leg.br/dadosabertos/materia/situacoes,,[],{},true,Nao declarada de forma uniforme na especificacao OpenAPI,Nao declarada de forma uniforme na especificacao OpenAPI,docs/chaves_relacionamentos.md (exploratorio),2026-10-09T13:52:33+00:00,https://legis.senado.leg.br/dadosabertos/v3/api-docs,"Paginacao, filtros, autenticacao e limites devem ser interpretados pela especificacao; nao coletar sem escopo."
senado,api_endpoint,Processo,(DEPRECATED) Subtipos e Siglas de Matérias Legislativas,GET,https://legis.senado.leg.br/dadosabertos/materia/subtipos,,[],{},true,Nao declarada de forma uniforme na especificacao OpenAPI,Nao declarada de forma uniforme na especificacao OpenAPI,docs/chaves_relacionamentos.md (exploratorio),2026-10-09T13:52:33+00:00,https://legis.senado.leg.br/dadosabertos/v3/api-docs,"Paginacao, filtros, autenticacao e limites devem ser interpretados pela especificacao; nao coletar sem escopo."
senado,api_endpoint,Processo,(DEPRECATED) Documentos apresentados na Matéria,GET,https://legis.senado.leg.br/dadosabertos/materia/textos/{codigo},application/xml; application/json; text/csv; */*,"[{""name"":""codigo"",""in"":""path"",""description"":""Código da Matéria"",""required"":true,""schema"":{""type"":""integer"",""format"":""int64""},""example"":110428},{""name"":""v"",""in"":""query"",""description"":""Versão do serviço. Exemplificada a última disponível."",""required"":false,""schema"":{""type"":""integer"",""format"":""int32"",""default"":5},""example"":5}]","{""type"":""string""}",true,Nao declarada de forma uniforme na especificacao OpenAPI,Nao declarada de forma uniforme na especificacao OpenAPI,docs/chaves_relacionamentos.md (exploratorio),2026-10-09T13:52:33+00:00,https://legis.senado.leg.br/dadosabertos/v3/api-docs,"Paginacao, filtros, autenticacao e limites devem ser interpretados pela especificacao; nao coletar sem escopo."
senado,api_endpoint,Processo,(DEPRECATED) Tipos de Emendas,GET,https://legis.senado.leg.br/dadosabertos/materia/tiposEmenda,,[],{},true,Nao declarada de forma uniforme na especificacao OpenAPI,Nao declarada de forma uniforme na especificacao OpenAPI,docs/chaves_relacionamentos.md (exploratorio),2026-10-09T13:52:33+00:00,https://legis.senado.leg.br/dadosabertos/v3/api-docs,"Paginacao, filtros, autenticacao e limites devem ser interpretados pela especificacao; nao coletar sem escopo."
senado,api_endpoint,Processo,(DEPRECATED) Tipos de Natureza das Matérias,GET,https://legis.senado.leg.br/dadosabertos/materia/tiposNatureza,,[],{},true,Nao declarada de forma uniforme na especificacao OpenAPI,Nao declarada de forma uniforme na especificacao OpenAPI,docs/chaves_relacionamentos.md (exploratorio),2026-10-09T13:52:33+00:00,https://legis.senado.leg.br/dadosabertos/v3/api-docs,"Paginacao, filtros, autenticacao e limites devem ser interpretados pela especificacao; nao coletar sem escopo."
senado,api_endpoint,Processo,(DEPRECATED) Tipos de Prazos os quais Matérias Legislativas podem estar sujeitos,GET,https://legis.senado.leg.br/dadosabertos/materia/tiposPrazo,,[],{},true,Nao declarada de forma uniforme na especificacao OpenAPI,Nao declarada de forma uniforme na especificacao OpenAPI,docs/chaves_relacionamentos.md (exploratorio),2026-10-09T13:52:33+00:00,https://legis.senado.leg.br/dadosabertos/v3/api-docs,"Paginacao, filtros, autenticacao e limites devem ser interpretados pela especificacao; nao coletar sem escopo."
senado,api_endpoint,Processo,(DEPRECATED) Tipos de Turno de Apresentação de Matérias no Processo Legislativo,GET,https://legis.senado.leg.br/dadosabertos/materia/tiposTurnoApresentacao,,[],{},true,Nao declarada de forma uniforme na especificacao OpenAPI,Nao declarada de forma uniforme na especificacao OpenAPI,docs/chaves_relacionamentos.md (exploratorio),2026-10-09T13:52:33+00:00,https://legis.senado.leg.br/dadosabertos/v3/api-docs,"Paginacao, filtros, autenticacao e limites devem ser interpretados pela especificacao; nao coletar sem escopo."
senado,api_endpoint,Processo,(DEPRECATED) Tipos de Atualização que podem ocorrer em Matérias Legislativas,GET,https://legis.senado.leg.br/dadosabertos/materia/tiposatualizacoes,,[],{},true,Nao declarada de forma uniforme na especificacao OpenAPI,Nao declarada de forma uniforme na especificacao OpenAPI,docs/chaves_relacionamentos.md (exploratorio),2026-10-09T13:52:33+00:00,https://legis.senado.leg.br/dadosabertos/v3/api-docs,"Paginacao, filtros, autenticacao e limites devem ser interpretados pela especificacao; nao coletar sem escopo."
senado,api_endpoint,Processo,(DEPRECATED) Lista as Matérias que estão tramitando,GET,https://legis.senado.leg.br/dadosabertos/materia/tramitando,application/xml; application/json; text/csv; */*,"[{""name"":""data"",""in"":""query"",""description"":""Filtra as matérias cuja última atualização é igual ou posterior à data informada - formato AAAAMMDD"",""required"":false,""schema"":{""type"":""string""},""example"":20190701},{""name"":""hora"",""in"":""query"",""description"":""Filtra apenas as matérias cuja hora da última atualização é igual ou posterior à hora\ninformada. Deve ser informado apenas se a data também for informada. Formato HHMISS,\nonde HH é no padrão 24 horas, MI representa os minutos, com 2 dígitos, e SS representa\nos segundos, com 2 dígitos\n"",""required"":false,""schema"":{""type"":""string""},""example"":140000},{""name"":""sigla"",""in"":""query"",""description"":""Sigla do subtipo da matéria"",""required"":false,""schema"":{""type"":""string""}},{""name"":""numero"",""in"":""query"",""description"":""Número da matéria"",""required"":false,""schema"":{""type"":""string""}},{""name"":""ano"",""in"":""query"",""description"":""Ano da matéria"",""required"":false,""schema"":{""type"":""integer"",""format"":""int32""}},{""name"":""v"",""in"":""query"",""description"":""Versão do serviço. Exemplificada a última disponível."",""required"":false,""schema"":{""type"":""integer"",""format"":""int32""},""example"":4}]","{""type"":""string""}",true,Nao declarada de forma uniforme na especificacao OpenAPI,Nao declarada de forma uniforme na especificacao OpenAPI,docs/chaves_relacionamentos.md (exploratorio),2026-10-09T13:52:33+00:00,https://legis.senado.leg.br/dadosabertos/v3/api-docs,"Paginacao, filtros, autenticacao e limites devem ser interpretados pela especificacao; nao coletar sem escopo."
senado,api_endpoint,Processo,Vetos anteriores à RCN 1/2013 em tramitação,GET,https://legis.senado.leg.br/dadosabertos/materia/vetos/antesrcn,,[],{},false,Nao declarada de forma uniforme na especificacao OpenAPI,Nao declarada de forma uniforme na especificacao OpenAPI,docs/chaves_relacionamentos.md (exploratorio),2026-10-09T13:52:33+00:00,https://legis.senado.leg.br/dadosabertos/v3/api-docs,"Paginacao, filtros, autenticacao e limites devem ser interpretados pela especificacao; nao coletar sem escopo."
senado,api_endpoint,Processo,Vetos posteriores à RCN 1/2013 em tramitação,GET,https://legis.senado.leg.br/dadosabertos/materia/vetos/aposrcn,,[],{},false,Nao declarada de forma uniforme na especificacao OpenAPI,Nao declarada de forma uniforme na especificacao OpenAPI,docs/chaves_relacionamentos.md (exploratorio),2026-10-09T13:52:33+00:00,https://legis.senado.leg.br/dadosabertos/v3/api-docs,"Paginacao, filtros, autenticacao e limites devem ser interpretados pela especificacao; nao coletar sem escopo."
senado,api_endpoint,Processo,Vetos com tramitação encerrada,GET,https://legis.senado.leg.br/dadosabertos/materia/vetos/encerrados,,[],{},false,Nao declarada de forma uniforme na especificacao OpenAPI,Nao declarada de forma uniforme na especificacao OpenAPI,docs/chaves_relacionamentos.md (exploratorio),2026-10-09T13:52:33+00:00,https://legis.senado.leg.br/dadosabertos/v3/api-docs,"Paginacao, filtros, autenticacao e limites devem ser interpretados pela especificacao; nao coletar sem escopo."
senado,api_endpoint,Processo,Relação de Vetos presidenciais por ano,GET,https://legis.senado.leg.br/dadosabertos/materia/vetos/{ano},,"[{""name"":""ano"",""in"":""path"",""description"":""Ano do Veto"",""required"":true,""schema"":{""type"":""integer"",""format"":""int32""},""example"":2023}]",{},false,Nao declarada de forma uniforme na especificacao OpenAPI,Nao declarada de forma uniforme na especificacao OpenAPI,docs/chaves_relacionamentos.md (exploratorio),2026-10-09T13:52:33+00:00,https://legis.senado.leg.br/dadosabertos/v3/api-docs,"Paginacao, filtros, autenticacao e limites devem ser interpretados pela especificacao; nao coletar sem escopo."
senado,api_endpoint,Processo,(DEPRECATED) Detalhes da Matéria por código,GET,https://legis.senado.leg.br/dadosabertos/materia/{codigo},application/xml; application/json; text/csv; */*,"[{""name"":""codigo"",""in"":""path"",""description"":""Código da Matéria"",""required"":true,""schema"":{""type"":""integer"",""format"":""int64""},""example"":110428},{""name"":""v"",""in"":""query"",""description"":""Versão do serviço. Exemplificada a última disponível."",""required"":false,""schema"":{""type"":""integer"",""format"":""int32"",""default"":7},""example"":7}]","{""type"":""string""}",true,Nao declarada de forma uniforme na especificacao OpenAPI,Nao declarada de forma uniforme na especificacao OpenAPI,docs/chaves_relacionamentos.md (exploratorio),2026-10-09T13:52:33+00:00,https://legis.senado.leg.br/dadosabertos/v3/api-docs,"Paginacao, filtros, autenticacao e limites devem ser interpretados pela especificacao; nao coletar sem escopo."
senado,api_endpoint,Processo,"(DEPRECATED) Detalhes da Matéria por Sigla, Número, Ano e Comissão",GET,https://legis.senado.leg.br/dadosabertos/materia/{sigla}/{numero}/{ano},application/xml; application/json; text/csv; */*,"[{""name"":""sigla"",""in"":""path"",""description"":""Sigla do Tipo da Proposição"",""required"":true,""schema"":{""type"":""string""},""example"":""REQ""},{""name"":""numero"",""in"":""path"",""description"":""Número da Proposição"",""required"":true,""schema"":{""type"":""string""},""example"":1},{""name"":""ano"",""in"":""path"",""description"":""Ano da Proposição"",""required"":true,""schema"":{""type"":""integer"",""format"":""int32""},""example"":2019},{""name"":""comissao"",""in"":""query"",""description"":""Sigla da Comissão (somente para requerimentos de Comissão - sigla REQ)"",""required"":false,""schema"":{""type"":""string""},""example"":""CCJ""},{""name"":""v"",""in"":""query"",""description"":""Versão do serviço. Exemplificada a última disponível."",""required"":false,""schema"":{""type"":""integer"",""format"":""int32"",""default"":7},""example"":7}]","{""type"":""string""}",true,Nao declarada de forma uniforme na especificacao OpenAPI,Nao declarada de forma uniforme na especificacao OpenAPI,docs/chaves_relacionamentos.md (exploratorio),2026-10-09T13:52:33+00:00,https://legis.senado.leg.br/dadosabertos/v3/api-docs,"Paginacao, filtros, autenticacao e limites devem ser interpretados pela especificacao; nao coletar sem escopo."
senado,api_endpoint,Processo,Lista Processos Legislativos,GET,https://legis.senado.leg.br/dadosabertos/processo,application/json; application/x-ndjson; application/xml; text/csv,"[{""name"":""sigla"",""in"":""query"",""description"":""Sigla identificadora do processo - veja a lista de siglas em /processo/siglas"",""required"":false,""schema"":{""type"":""array"",""items"":{""type"":""string""},""maxItems"":5,""minItems"":0}},{""name"":""numero"",""in"":""query"",""description"":""Número do processo"",""required"":false,""schema"":{""type"":""string""}},{""name"":""ano"",""in"":""query"",""description"":""Ano do processo"",""required"":false,""schema"":{""type"":""integer"",""format"":""int32""}},{""name"":""idProcesso"",""in"":""query"",""description"":""Id do processo"",""required"":false,""schema"":{""type"":""array"",""items"":{""type"":""integer"",""format"":""int64""},""maxItems"":100,""minItems"":0}},{""name"":""codigoMateria"",""in"":""query"",""description"":""Código legado da matéria do MATE"",""required"":false,""schema"":{""type"":""integer"",""format"":""int64""}},{""name"":""tramitando"",""in"":""query"",""description"":""Processo está tramitando atualmente? S - Sim, N - Não (Encerrado)"",""required"":false,""schema"":{""type"":""string"",""enum"":[""N"",""S""],""maxLength"":1,""minLength"":0}},{""name"":""tramitouLegislaturaAtual"",""in"":""query"",""description"":""Processo tramitou na legislatura atual? S - Sim, N - Não"",""required"":false,""schema"":{""type"":""string"",""enum"":[""N"",""S""],""maxLength"":1,""minLength"":0}},{""name"":""codigoColegiadoTramitando"",""in"":""query"",""description"":""Código do colegiado onde o processo tramita atualmente - veja a lista de colegiados em /comissao/lista"",""required"":false,""schema"":{""type"":""integer"",""format"":""int64""}},{""name"":""siglaSituacao"",""in"":""query"",""description"":""Sigla da situação atual do processo - veja a lista de situações em /processo/tipos-situacao"",""required"":false,""schema"":{""type"":""string""}},{""name"":""situacao"",""in"":""query"",""description"":""Situação atual do processo (descrição) - veja a lista de situações em /processo/tipos-situacao"",""required"":false,""schema"":{""type"":""string""}},{""name"":""autor"",""in"":""query"",""description"":""Nome do autor do processo"",""required"":false,""schema"":{""type"":""string""}},{""name"":""codigoParlamentarAutor"",""in"":""query"",""description"":""Código do parlamentar autor"",""required"":false,""schema"":{""type"":""integer"",""format"":""int64""}},{""name"":""siglaTipoDocumento"",""in"":""query"",""description"":""Sigla do tipo do documento iniciador do processo - veja a lista de tipos em /processo/documento/tipos"",""required"":false,""schema"":{""type"":""array"",""items"":{""type"":""string""},""maxItems"":5,""minItems"":0}},{""name"":""siglaTipoConteudo"",""in"":""query"",""description"":""Sigla do tipo de conteúdo do documento iniciador do processo - veja a lista de tipos em /processo/documento/tipos-conteudo"",""required"":false,""schema"":{""type"":""array"",""items"":{""type"":""string""},""maxItems"":5,""minItems"":0}},{""name"":""codigoClasse"",""in"":""query"",""description"":""Código da classe do processo. Veja a lista de classes em /processo/classes"",""required"":false,""schema"":{""type"":""integer"",""format"":""int64""}},{""name"":""codAssuntoGeral"",""in"":""query"",""description"":""Código do assunto geral - veja a lista de tipos em /processo/assuntos"",""required"":false,""schema"":{""type"":""integer"",""format"":""int64""}},{""name"":""codAssuntoEspecifico"",""in"":""query"",""description"":""Código do assunto específico - veja a lista de tipos em /processo/assuntos"",""required"":false,""schema"":{""type"":""integer"",""format"":""int64""}},{""name"":""termo"",""in"":""query"",""description"":""Termo livre a ser consultado entre as palavras-chaves do processo"",""required"":false,""schema"":{""type"":""string""}},{""name"":""casa"",""in"":""query"",""description"":""Casa do ente/comissão/colegiado identificador do processo ('SF', 'CN')"",""required"":false,""schema"":{""type"":""string""}},{""name"":""siglaEnteIdentificador"",""in"":""query"",""description"":""Sigla do ente/comissão/colegiado identificador do processo - veja a lista de entes em /processo/entes"",""required"":false,""schema"":{""type"":""string""}},{""name"":""dataInicioApresentacao"",""in"":""query"",""description"":""    Apresentados a partir da data informada, no formato AAAA-MM-DD. Retorna até no máximo 1 ano após a\n    data informada se nenhum outro parâmetro obrigatório for informado\n"",""required"":false,""schema"":{""type"":""string"",""format"":""date""}},{""name"":""dataFimApresentacao"",""in"":""query"",""description"":""    Apresentados até a data informada, no formato AAAA-MM-DD. Retorna até no máximo 1 ano antes da data\n    informada se nenhum outro parâmetro obrigatório for informado.\n"",""required"":false,""schema"":{""type"":""string"",""format"":""date""}},{""name"":""dataInicioDeliberacao"",""in"":""query"",""description"":""    Deliberados a partir da data informada, no formato AAAA-MM-DD. Retorna até no máximo 1 ano após a\n    data informada se nenhum outro parâmetro obrigatório for informado\n"",""required"":false,""schema"":{""type"":""string"",""format"":""date""}},{""name"":""dataFimDeliberacao"",""in"":""query"",""description"":""    Deliberados até a data informada, no formato AAAA-MM-DD. Retorna até no máximo 1 ano antes da data\n    informada se nenhum outro parâmetro obrigatório for informado.\n"",""required"":false,""schema"":{""type"":""string"",""format"":""date""}},{""name"":""siglaTipoDeliberacao"",""in"":""query"",""description"":""Sigla do tipo de deliberação - veja a lista de tipos em /processo/tipos-decisao"",""required"":false,""schema"":{""type"":""string""}},{""name"":""tipoNorma"",""in"":""query"",""description"":""Tipo da norma gerada - veja a lista de tipos em /legislacao/tiposNorma"",""required"":false,""schema"":{""type"":""string""}},{""name"":""numeroNorma"",""in"":""query"",""description"":""Número da norma gerada"",""required"":false,""schema"":{""type"":""string""}},{""name"":""anoNorma"",""in"":""query"",""description"":""Ano da norma gerada"",""required"":false,""schema"":{""type"":""integer"",""format"":""int32""}},{""name"":""numdias"",""in"":""query"",""description"":""Atualizadas nos últimos N dias. O máximo é 30."",""required"":false,""schema"":{""type"":""integer"",""format"":""int32"",""maximum"":30}},{""name"":""alteracao"",""in"":""query"",""description"":""Tipo de atualização - veja a lista de tipos em /processo/tipos-atualizacao. Considerado apenas quando numdias é informado."",""required"":false,""schema"":{""type"":""string""}},{""name"":""v"",""in"":""query"",""description"":""Versão do serviço. Exemplificada a última disponível."",""required"":false,""schema"":{""type"":""integer"",""format"":""int32""},""example"":1}]","{""type"":""array"",""items"":{""$ref"":""#/components/schemas/processo""},""xml"":{""name"":""processos"",""wrapped"":true}}",false,Nao declarada de forma uniforme na especificacao OpenAPI,Nao declarada de forma uniforme na especificacao OpenAPI,docs/chaves_relacionamentos.md (exploratorio),2026-10-09T13:52:33+00:00,https://legis.senado.leg.br/dadosabertos/v3/api-docs,"Paginacao, filtros, autenticacao e limites devem ser interpretados pela especificacao; nao coletar sem escopo."
senado,api_endpoint,Processo,Lista os Assuntos Gerais e Específicos de que tratam os Processos Legislativos,GET,https://legis.senado.leg.br/dadosabertos/processo/assuntos,application/json; application/xml; text/csv,[],{},false,Nao declarada de forma uniforme na especificacao OpenAPI,Nao declarada de forma uniforme na especificacao OpenAPI,docs/chaves_relacionamentos.md (exploratorio),2026-10-09T13:52:33+00:00,https://legis.senado.leg.br/dadosabertos/v3/api-docs,"Paginacao, filtros, autenticacao e limites devem ser interpretados pela especificacao; nao coletar sem escopo."
senado,api_endpoint,Processo,Lista a Hierarquia de Classificações de Processos Legislativos,GET,https://legis.senado.leg.br/dadosabertos/processo/classes,application/json; application/xml,[],"{""type"":""string""}",false,Nao declarada de forma uniforme na especificacao OpenAPI,Nao declarada de forma uniforme na especificacao OpenAPI,docs/chaves_relacionamentos.md (exploratorio),2026-10-09T13:52:33+00:00,https://legis.senado.leg.br/dadosabertos/v3/api-docs,"Paginacao, filtros, autenticacao e limites devem ser interpretados pela especificacao; nao coletar sem escopo."
senado,api_endpoint,Processo,Lista os Destinos possíveis de Processos Legislativos,GET,https://legis.senado.leg.br/dadosabertos/processo/destinos,application/json; application/xml; text/csv,[],{},false,Nao declarada de forma uniforme na especificacao OpenAPI,Nao declarada de forma uniforme na especificacao OpenAPI,docs/chaves_relacionamentos.md (exploratorio),2026-10-09T13:52:33+00:00,https://legis.senado.leg.br/dadosabertos/v3/api-docs,"Paginacao, filtros, autenticacao e limites devem ser interpretados pela especificacao; nao coletar sem escopo."
senado,api_endpoint,Processo,Documentos apresentados no Processo Legislativo,GET,https://legis.senado.leg.br/dadosabertos/processo/documento,application/json; application/x-ndjson; application/xml,"[{""name"":""idDocumento"",""in"":""query"",""description"":""Id do documento"",""required"":false,""schema"":{""type"":""integer"",""format"":""int64""}},{""name"":""idProcesso"",""in"":""query"",""description"":""Id do processo no qual o documento foi apresentado"",""required"":false,""schema"":{""type"":""integer"",""format"":""int64""}},{""name"":""codigoMateria"",""in"":""query"",""description"":""Código legado da matéria do MATE"",""required"":false,""schema"":{""type"":""integer"",""format"":""int64""}},{""name"":""dataInicio"",""in"":""query"",""description"":""Documentos apresentados a partir desta data, no formato AAAA-MM-DD"",""required"":false,""schema"":{""type"":""string"",""format"":""date""}},{""name"":""dataFim"",""in"":""query"",""description"":""Documentos apresentados até esta data, no formato AAAA-MM-DD"",""required"":false,""schema"":{""type"":""string"",""format"":""date""}},{""name"":""codigoParlamentarAutor"",""in"":""query"",""description"":""Código do parlamentar autor do documento"",""required"":false,""schema"":{""type"":""integer"",""format"":""int64""},""example"":825},{""name"":""idEnteAutor"",""in"":""query"",""description"":""Id do ente autor"",""required"":false,""schema"":{""type"":""integer"",""format"":""int64""}},{""name"":""codigoColegiado"",""in"":""query"",""description"":""Código do colegiado no qual o documento foi apresentado"",""required"":false,""schema"":{""type"":""integer"",""format"":""int64""},""example"":34},{""name"":""siglaColegiado"",""in"":""query"",""description"":""Sigla do colegiado no qual o documento foi apresentado"",""required"":false,""schema"":{""type"":""string""}},{""name"":""sigla"",""in"":""query"",""description"":""Sigla da identificação do documento"",""required"":false,""schema"":{""type"":""string""}},{""name"":""siglaTipo"",""in"":""query"",""description"":""Sigla do tipo de documento"",""required"":false,""schema"":{""type"":""string""},""example"":""REQUERIMENTO""},{""name"":""v"",""in"":""query"",""description"":""Versão do serviço. Exemplificada a última disponível."",""required"":false,""schema"":{""type"":""integer"",""format"":""int32""},""example"":1}]","{""type"":""array"",""items"":{""$ref"":""#/components/schemas/documento""},""xml"":{""name"":""documentos"",""wrapped"":true}}",false,Nao declarada de forma uniforme na especificacao OpenAPI,Nao declarada de forma uniforme na especificacao OpenAPI,docs/chaves_relacionamentos.md (exploratorio),2026-10-09T13:52:33+00:00,https://legis.senado.leg.br/dadosabertos/v3/api-docs,"Paginacao, filtros, autenticacao e limites devem ser interpretados pela especificacao; nao coletar sem escopo."
senado,api_endpoint,Processo,Lista os Tipos de Documentos que podem ser apresentados em Processos Legislativos,GET,https://legis.senado.leg.br/dadosabertos/processo/documento/tipos,application/json; application/xml; text/csv,[],{},false,Nao declarada de forma uniforme na especificacao OpenAPI,Nao declarada de forma uniforme na especificacao OpenAPI,docs/chaves_relacionamentos.md (exploratorio),2026-10-09T13:52:33+00:00,https://legis.senado.leg.br/dadosabertos/v3/api-docs,"Paginacao, filtros, autenticacao e limites devem ser interpretados pela especificacao; nao coletar sem escopo."
senado,api_endpoint,Processo,Lista os Tipos de Conteúdo Informacional que os Documentos Legislativos podem conter,GET,https://legis.senado.leg.br/dadosabertos/processo/documento/tipos-conteudo,application/json; application/xml; text/csv,[],{},false,Nao declarada de forma uniforme na especificacao OpenAPI,Nao declarada de forma uniforme na especificacao OpenAPI,docs/chaves_relacionamentos.md (exploratorio),2026-10-09T13:52:33+00:00,https://legis.senado.leg.br/dadosabertos/v3/api-docs,"Paginacao, filtros, autenticacao e limites devem ser interpretados pela especificacao; nao coletar sem escopo."
senado,api_endpoint,Processo,Lista as Emendas apresentadas em um Processo Legislativo,GET,https://legis.senado.leg.br/dadosabertos/processo/emenda,application/json; application/x-ndjson; application/xml; text/csv,"[{""name"":""idEmenda"",""in"":""query"",""description"":""Id da emenda"",""required"":false,""schema"":{""type"":""integer"",""format"":""int64""}},{""name"":""idDocumento"",""in"":""query"",""description"":""Id do documento da emenda"",""required"":false,""schema"":{""type"":""integer"",""format"":""int64""}},{""name"":""idProcesso"",""in"":""query"",""description"":""Id do processo emendado"",""required"":false,""schema"":{""type"":""integer"",""format"":""int64""}},{""name"":""codigoMateria"",""in"":""query"",""description"":""Código legado da matéria emendada do MATE"",""required"":false,""schema"":{""type"":""integer"",""format"":""int64""}},{""name"":""dataInicio"",""in"":""query"",""description"":""Emendas apresentadas a partir desta data, no formato AAAA-MM-DD"",""required"":false,""schema"":{""type"":""string"",""format"":""date""}},{""name"":""dataFim"",""in"":""query"",""description"":""Emendas apresentadas até esta data, no formato AAAA-MM-DD"",""required"":false,""schema"":{""type"":""string"",""format"":""date""}},{""name"":""codigoParlamentarAutor"",""in"":""query"",""description"":""Código do parlamentar autor da emenda"",""required"":false,""schema"":{""type"":""integer"",""format"":""int64""},""example"":5979},{""name"":""codigoColegiado"",""in"":""query"",""description"":""Código do colegiado no qual a emenda foi apresentada"",""required"":false,""schema"":{""type"":""integer"",""format"":""int64""},""example"":40},{""name"":""v"",""in"":""query"",""description"":""Versão do serviço. Exemplificada a última disponível."",""required"":false,""schema"":{""type"":""integer"",""format"":""int32""},""example"":1}]","{""type"":""array"",""items"":{""$ref"":""#/components/schemas/emenda""},""xml"":{""name"":""emendas"",""wrapped"":true}}",false,Nao declarada de forma uniforme na especificacao OpenAPI,Nao declarada de forma uniforme na especificacao OpenAPI,docs/chaves_relacionamentos.md (exploratorio),2026-10-09T13:52:33+00:00,https://legis.senado.leg.br/dadosabertos/v3/api-docs,"Paginacao, filtros, autenticacao e limites devem ser interpretados pela especificacao; nao coletar sem escopo."
senado,api_endpoint,Processo,Lista os Entes Jurídicos que podem participar como autores ou instâncias de tramitação ou de expedição de Documentos e Processos,GET,https://legis.senado.leg.br/dadosabertos/processo/entes,application/json; application/xml; text/csv,[],{},false,Nao declarada de forma uniforme na especificacao OpenAPI,Nao declarada de forma uniforme na especificacao OpenAPI,docs/chaves_relacionamentos.md (exploratorio),2026-10-09T13:52:33+00:00,https://legis.senado.leg.br/dadosabertos/v3/api-docs,"Paginacao, filtros, autenticacao e limites devem ser interpretados pela especificacao; nao coletar sem escopo."
senado,api_endpoint,Processo,Lista os Prazos Regimentais ou Constitucionais definidos no rito de tramitação de um Processo Legislativo,GET,https://legis.senado.leg.br/dadosabertos/processo/prazo,application/json; application/x-ndjson; application/xml; text/csv,"[{""name"":""idProcesso"",""in"":""query"",""description"":""Id do Processo sobre o qual o prazo foi estabelecido"",""required"":false,""schema"":{""type"":""integer"",""format"":""int64""},""example"":1158177},{""name"":""codigoMateria"",""in"":""query"",""description"":""Código legado da Matéria"",""required"":false,""schema"":{""type"":""integer"",""format"":""int64""}},{""name"":""idTipoPrazo"",""in"":""query"",""description"":""Id do Tipo de Prazo"",""required"":false,""schema"":{""type"":""integer"",""format"":""int64""}},{""name"":""dataReferencia"",""in"":""query"",""description"":""Prazos vigentes nesta data, no formato AAAA-MM-DD"",""required"":false,""schema"":{""type"":""string"",""format"":""date""}},{""name"":""dataInicio"",""in"":""query"",""description"":""Prazos iniciados a partir desta data, no formato AAAA-MM-DD"",""required"":false,""schema"":{""type"":""string"",""format"":""date""}},{""name"":""dataFim"",""in"":""query"",""description"":""Prazos iniciados até esta data, no formato AAAA-MM-DD"",""required"":false,""schema"":{""type"":""string"",""format"":""date""}},{""name"":""codigoColegiado"",""in"":""query"",""description"":""Código do Colegiado no qual o Prazo foi determinado"",""required"":false,""schema"":{""type"":""integer"",""format"":""int64""},""example"":34},{""name"":""sigla"",""in"":""query"",""description"":""Sigla da Identificação do Processo"",""required"":false,""schema"":{""type"":""string""},""example"":""PEC""},{""name"":""v"",""in"":""query"",""description"":""Versão do serviço. Exemplificada a última disponível."",""required"":false,""schema"":{""type"":""integer"",""format"":""int32""},""example"":1}]","{""type"":""array"",""items"":{""$ref"":""#/components/schemas/prazo""},""xml"":{""name"":""prazos"",""wrapped"":true}}",false,Nao declarada de forma uniforme na especificacao OpenAPI,Nao declarada de forma uniforme na especificacao OpenAPI,docs/chaves_relacionamentos.md (exploratorio),2026-10-09T13:52:33+00:00,https://legis.senado.leg.br/dadosabertos/v3/api-docs,"Paginacao, filtros, autenticacao e limites devem ser interpretados pela especificacao; nao coletar sem escopo."
senado,api_endpoint,Processo,Tipos de Prazos de Processos Legislativos,GET,https://legis.senado.leg.br/dadosabertos/processo/prazo/tipos,application/json; application/xml; text/csv,[],{},false,Nao declarada de forma uniforme na especificacao OpenAPI,Nao declarada de forma uniforme na especificacao OpenAPI,docs/chaves_relacionamentos.md (exploratorio),2026-10-09T13:52:33+00:00,https://legis.senado.leg.br/dadosabertos/v3/api-docs,"Paginacao, filtros, autenticacao e limites devem ser interpretados pela especificacao; nao coletar sem escopo."
senado,api_endpoint,Processo,Relatorias de Processos Legislativos,GET,https://legis.senado.leg.br/dadosabertos/processo/relatoria,application/json; application/x-ndjson; application/xml; text/csv,"[{""name"":""idProcesso"",""in"":""query"",""description"":""Id do processo relatado"",""required"":false,""schema"":{""type"":""integer"",""format"":""int64""},""example"":8774796},{""name"":""codigoMateria"",""in"":""query"",""description"":""Código legado da matéria do MATE"",""required"":false,""schema"":{""type"":""integer"",""format"":""int64""}},{""name"":""sigla"",""in"":""query"",""description"":""Sigla identificadora do processo - veja a lista de siglas em /processo/siglas"",""required"":false,""schema"":{""type"":""string""}},{""name"":""numero"",""in"":""query"",""description"":""Número do processo"",""required"":false,""schema"":{""type"":""string""}},{""name"":""ano"",""in"":""query"",""description"":""Ano do processo"",""required"":false,""schema"":{""type"":""integer"",""format"":""int32""}},{""name"":""siglaSituacao"",""in"":""query"",""description"":""Sigla da situação atual do processo - veja a lista de situações em /processo/tipos-situacao"",""required"":false,""schema"":{""type"":""string""}},{""name"":""tramitando"",""in"":""query"",""description"":""Processo está tramitando atualmente? S - Sim, N - Não (Encerrado)"",""required"":false,""schema"":{""type"":""string""}},{""name"":""dataReferencia"",""in"":""query"",""description"":""Relatorias abertas nesta data, no formato AAAA-MM-DD"",""required"":false,""schema"":{""type"":""string"",""format"":""date""}},{""name"":""dataInicio"",""in"":""query"",""description"":""Relatorias designadas a partir desta data, no formato AAAA-MM-DD"",""required"":false,""schema"":{""type"":""string"",""format"":""date""}},{""name"":""dataFim"",""in"":""query"",""description"":""Relatorias designadas até esta data, no formato AAAA-MM-DD"",""required"":false,""schema"":{""type"":""string"",""format"":""date""}},{""name"":""codigoParlamentar"",""in"":""query"",""description"":""Código do parlamentar relator"",""required"":false,""schema"":{""type"":""integer"",""format"":""int64""},""example"":6009},{""name"":""codigoColegiado"",""in"":""query"",""description"":""Código do colegiado da relatoria"",""required"":false,""schema"":{""type"":""integer"",""format"":""int64""},""example"":34},{""name"":""v"",""in"":""query"",""description"":""Versão do serviço. Exemplificada a última disponível."",""required"":false,""schema"":{""type"":""integer"",""format"":""int32""},""example"":1}]","{""type"":""array"",""items"":{""$ref"":""#/components/schemas/relatoria""},""xml"":{""name"":""relatorias"",""wrapped"":true}}",false,Nao declarada de forma uniforme na especificacao OpenAPI,Nao declarada de forma uniforme na especificacao OpenAPI,docs/chaves_relacionamentos.md (exploratorio),2026-10-09T13:52:33+00:00,https://legis.senado.leg.br/dadosabertos/v3/api-docs,"Paginacao, filtros, autenticacao e limites devem ser interpretados pela especificacao; nao coletar sem escopo."
senado,api_endpoint,Processo,Tipos e Siglas de Documentos e Processos Legislativos,GET,https://legis.senado.leg.br/dadosabertos/processo/siglas,application/json; application/xml; text/csv,[],{},false,Nao declarada de forma uniforme na especificacao OpenAPI,Nao declarada de forma uniforme na especificacao OpenAPI,docs/chaves_relacionamentos.md (exploratorio),2026-10-09T13:52:33+00:00,https://legis.senado.leg.br/dadosabertos/v3/api-docs,"Paginacao, filtros, autenticacao e limites devem ser interpretados pela especificacao; nao coletar sem escopo."
senado,api_endpoint,Processo,Tipos de Atualização que podem ocorrer em Processos Legislativos,GET,https://legis.senado.leg.br/dadosabertos/processo/tipos-atualizacao,application/json; application/xml; text/csv,[],{},false,Nao declarada de forma uniforme na especificacao OpenAPI,Nao declarada de forma uniforme na especificacao OpenAPI,docs/chaves_relacionamentos.md (exploratorio),2026-10-09T13:52:33+00:00,https://legis.senado.leg.br/dadosabertos/v3/api-docs,"Paginacao, filtros, autenticacao e limites devem ser interpretados pela especificacao; nao coletar sem escopo."
senado,api_endpoint,Processo,Tipos de Autores de Documentos e Processos Legislativos,GET,https://legis.senado.leg.br/dadosabertos/processo/tipos-autor,application/json; application/xml; text/csv,[],{},false,Nao declarada de forma uniforme na especificacao OpenAPI,Nao declarada de forma uniforme na especificacao OpenAPI,docs/chaves_relacionamentos.md (exploratorio),2026-10-09T13:52:33+00:00,https://legis.senado.leg.br/dadosabertos/v3/api-docs,"Paginacao, filtros, autenticacao e limites devem ser interpretados pela especificacao; nao coletar sem escopo."
senado,api_endpoint,Processo,Tipos de Decisões que podem ocorrer em Processos Legislativos,GET,https://legis.senado.leg.br/dadosabertos/processo/tipos-decisao,application/json; application/xml; text/csv,[],{},false,Nao declarada de forma uniforme na especificacao OpenAPI,Nao declarada de forma uniforme na especificacao OpenAPI,docs/chaves_relacionamentos.md (exploratorio),2026-10-09T13:52:33+00:00,https://legis.senado.leg.br/dadosabertos/v3/api-docs,"Paginacao, filtros, autenticacao e limites devem ser interpretados pela especificacao; nao coletar sem escopo."
senado,api_endpoint,Processo,Tipos de Situações (estado) possíveis em Processos Legislativos,GET,https://legis.senado.leg.br/dadosabertos/processo/tipos-situacao,application/json; application/xml; text/csv,[],{},false,Nao declarada de forma uniforme na especificacao OpenAPI,Nao declarada de forma uniforme na especificacao OpenAPI,docs/chaves_relacionamentos.md (exploratorio),2026-10-09T13:52:33+00:00,https://legis.senado.leg.br/dadosabertos/v3/api-docs,"Paginacao, filtros, autenticacao e limites devem ser interpretados pela especificacao; nao coletar sem escopo."
senado,api_endpoint,Processo,Detalhes de um Processo Legislativo por código do Processo,GET,https://legis.senado.leg.br/dadosabertos/processo/{id},application/json; application/xml,"[{""name"":""id"",""in"":""path"",""description"":""ID do Processo"",""required"":true,""schema"":{""type"":""integer"",""format"":""int64""},""example"":1449240},{""name"":""v"",""in"":""query"",""description"":""Versão do serviço. Exemplificada a última disponível."",""required"":false,""schema"":{""type"":""integer"",""format"":""int32"",""default"":1},""example"":1}]","{""$ref"":""schemas/processo.yml#/components/schemas/Processo""}",false,Nao declarada de forma uniforme na especificacao OpenAPI,Nao declarada de forma uniforme na especificacao OpenAPI,docs/chaves_relacionamentos.md (exploratorio),2026-10-09T13:52:33+00:00,https://legis.senado.leg.br/dadosabertos/v3/api-docs,"Paginacao, filtros, autenticacao e limites devem ser interpretados pela especificacao; nao coletar sem escopo."
senado,api_endpoint,Processo; Parlamentar,(DEPRECATED) Lista as matérias de Autoria de um Senador,GET,https://legis.senado.leg.br/dadosabertos/senador/{codigo}/autorias,application/xml; application/json; text/csv,"[{""name"":""codigo"",""in"":""path"",""description"":""Código do Senador"",""required"":true,""schema"":{""type"":""integer"",""format"":""int32""},""example"":4981},{""name"":""sigla"",""in"":""query"",""description"":""Filtra autoria pela sigla da matéria"",""required"":false,""schema"":{""type"":""string""},""example"":""PLS""},{""name"":""numero"",""in"":""query"",""description"":""Filtra autoria pelo número da matéria"",""required"":false,""schema"":{""type"":""string""},""example"":40},{""name"":""ano"",""in"":""query"",""description"":""Filtra autoria pelo ano da matéria"",""required"":false,""schema"":{""type"":""integer"",""format"":""int32""},""example"":2018},{""name"":""tramitando"",""in"":""query"",""description"":""Filtra autoria de matérias que estão tramitando (S) ou com tramitação encerrada (N)"",""required"":false,""schema"":{""type"":""string""},""example"":""S""},{""name"":""primeiro"",""in"":""query"",""description"":""Filtra autorias onde o Senador é o primeiro autor (S) ou que seja coautor (N)"",""required"":false,""schema"":{""type"":""string""},""example"":""S""},{""name"":""v"",""in"":""query"",""description"":""Versão do serviço. Exemplificada a última disponível."",""required"":false,""schema"":{""type"":""integer"",""format"":""int32""},""example"":7}]","{""type"":""string""}",true,Nao declarada de forma uniforme na especificacao OpenAPI,Nao declarada de forma uniforme na especificacao OpenAPI,docs/chaves_relacionamentos.md (exploratorio),2026-10-09T13:52:33+00:00,https://legis.senado.leg.br/dadosabertos/v3/api-docs,"Paginacao, filtros, autenticacao e limites devem ser interpretados pela especificacao; nao coletar sem escopo."
senado,api_endpoint,Processo; Parlamentar,(DEPRECATED) Obtém as matérias de Relatoria de um Senador,GET,https://legis.senado.leg.br/dadosabertos/senador/{codigo}/relatorias,application/xml; application/json; text/csv,"[{""name"":""codigo"",""in"":""path"",""description"":""Código do Senador"",""required"":true,""schema"":{""type"":""integer"",""format"":""int64""},""example"":5322},{""name"":""sigla"",""in"":""query"",""description"":""Filtra relatoria pela sigla da matéria"",""required"":false,""schema"":{""type"":""string""},""example"":""PLS""},{""name"":""numero"",""in"":""query"",""description"":""Filtra relatoria pelo número da matéria"",""required"":false,""schema"":{""type"":""string""},""example"":40},{""name"":""ano"",""in"":""query"",""description"":""Filtra relatoria pelo ano da matéria"",""required"":false,""schema"":{""type"":""integer"",""format"":""int32""},""example"":2018},{""name"":""tramitando"",""in"":""query"",""description"":""Filtra relatoria de matérias que estão tramitando (S) ou com tramitação encerrada (N)"",""required"":false,""schema"":{""type"":""string""},""example"":""S""},{""name"":""comissao"",""in"":""query"",""description"":""Filtra relatoria na Comissão pela sigla"",""required"":false,""schema"":{""type"":""string""},""example"":""CDH""},{""name"":""v"",""in"":""query"",""description"":""Versão do serviço. Exemplificada a última disponível."",""required"":false,""schema"":{""type"":""integer"",""format"":""int32""},""example"":6}]","{""type"":""string""}",true,Nao declarada de forma uniforme na especificacao OpenAPI,Nao declarada de forma uniforme na especificacao OpenAPI,docs/chaves_relacionamentos.md (exploratorio),2026-10-09T13:52:33+00:00,https://legis.senado.leg.br/dadosabertos/v3/api-docs,"Paginacao, filtros, autenticacao e limites devem ser interpretados pela especificacao; nao coletar sem escopo."
senado,api_endpoint,Processo; Votação,(DEPRECATED) Votações de uma Matéria,GET,https://legis.senado.leg.br/dadosabertos/materia/votacoes/{codigo},application/xml; application/json; text/csv; */*,"[{""name"":""codigo"",""in"":""path"",""description"":""Código da Matéria"",""required"":true,""schema"":{""type"":""integer"",""format"":""int64""},""example"":137178},{""name"":""v"",""in"":""query"",""description"":""Versão do serviço. Exemplificada a última disponível."",""required"":false,""schema"":{""type"":""integer"",""format"":""int32"",""default"":6},""example"":6}]","{""type"":""string""}",true,Nao declarada de forma uniforme na especificacao OpenAPI,Nao declarada de forma uniforme na especificacao OpenAPI,docs/chaves_relacionamentos.md (exploratorio),2026-10-09T13:52:33+00:00,https://legis.senado.leg.br/dadosabertos/v3/api-docs,"Paginacao, filtros, autenticacao e limites devem ser interpretados pela especificacao; nao coletar sem escopo."
senado,api_endpoint,Votação,(DEPRECATED) Obtém as Votações Nominais de um Senador,GET,https://legis.senado.leg.br/dadosabertos/senador/{codigo}/votacoes,application/xml; application/json; text/csv,"[{""name"":""codigo"",""in"":""path"",""description"":""Código do Senador"",""required"":true,""schema"":{""type"":""integer"",""format"":""int64""},""example"":5322},{""name"":""sigla"",""in"":""query"",""description"":""Filtra votações pela sigla da matéria"",""required"":false,""schema"":{""type"":""string""},""example"":""PEC""},{""name"":""numero"",""in"":""query"",""description"":""Filtra votações pelo número da matéria"",""required"":false,""schema"":{""type"":""string""},""example"":40},{""name"":""ano"",""in"":""query"",""description"":""Filtra votações pelo ano da matéria"",""required"":false,""schema"":{""type"":""integer"",""format"":""int32""},""example"":2022},{""name"":""tramitando"",""in"":""query"",""description"":""Filtra votações de matérias que estão tramitando (S) ou com tramitação encerrada (N)"",""required"":false,""schema"":{""type"":""string""},""example"":""S""},{""name"":""v"",""in"":""query"",""description"":""Versão do serviço. Exemplificada a última disponível."",""required"":false,""schema"":{""type"":""integer"",""format"":""int32""},""example"":7}]","{""type"":""string""}",true,Nao declarada de forma uniforme na especificacao OpenAPI,Nao declarada de forma uniforme na especificacao OpenAPI,docs/chaves_relacionamentos.md (exploratorio),2026-10-09T13:52:33+00:00,https://legis.senado.leg.br/dadosabertos/v3/api-docs,"Paginacao, filtros, autenticacao e limites devem ser interpretados pela especificacao; nao coletar sem escopo."
senado,api_endpoint,Votação,Votos Nominais de Parlamentares em Processos Legislativos,GET,https://legis.senado.leg.br/dadosabertos/votacao,application/json; application/x-ndjson; application/xml; text/csv,"[{""name"":""codigoSessao"",""in"":""query"",""description"":""Código da sessão da votação"",""required"":false,""schema"":{""type"":""integer"",""format"":""int64""}},{""name"":""dataInicio"",""in"":""query"",""description"":""Votações realizadas a partir desta data, no formato AAAA-MM-DD"",""required"":false,""schema"":{""type"":""string"",""format"":""date""}},{""name"":""dataFim"",""in"":""query"",""description"":""Votações realizadas até esta data, no formato AAAA-MM-DD"",""required"":false,""schema"":{""type"":""string"",""format"":""date""}},{""name"":""idProcesso"",""in"":""query"",""description"":""ID do processo votado"",""required"":false,""schema"":{""type"":""integer"",""format"":""int64""},""example"":7761651},{""name"":""codigoMateria"",""in"":""query"",""description"":""Código legado da matéria do MATE"",""required"":false,""schema"":{""type"":""integer"",""format"":""int64""}},{""name"":""sigla"",""in"":""query"",""description"":""Sigla da proposição"",""required"":false,""schema"":{""type"":""string""}},{""name"":""numero"",""in"":""query"",""description"":""Número da proposição"",""required"":false,""schema"":{""type"":""string""}},{""name"":""ano"",""in"":""query"",""description"":""Ano da proposição"",""required"":false,""schema"":{""type"":""integer"",""format"":""int32""}},{""name"":""codigoParlamentar"",""in"":""query"",""description"":""Código do parlamentar votante"",""required"":false,""schema"":{""type"":""integer"",""format"":""int64""},""example"":825},{""name"":""nomeParlamentar"",""in"":""query"",""description"":""Nome do parlamentar votante"",""required"":false,""schema"":{""type"":""string""}},{""name"":""siglaVotoParlamentar"",""in"":""query"",""description"":""Sigla do voto"",""required"":false,""schema"":{""type"":""string""},""example"":""Sim""},{""name"":""v"",""in"":""query"",""description"":""Versão do serviço. Exemplificada a última disponível."",""required"":false,""schema"":{""type"":""integer"",""format"":""int32""},""example"":2}]","{""type"":""array"",""items"":{""$ref"":""#/components/schemas/sessaoVotacao""},""xml"":{""name"":""sessoesVotacao"",""wrapped"":true}}",false,Nao declarada de forma uniforme na especificacao OpenAPI,Nao declarada de forma uniforme na especificacao OpenAPI,docs/chaves_relacionamentos.md (exploratorio),2026-10-09T13:52:33+00:00,https://legis.senado.leg.br/dadosabertos/v3/api-docs,"Paginacao, filtros, autenticacao e limites devem ser interpretados pela especificacao; nao coletar sem escopo."
senado,api_endpoint,Votação,Votações de Matérias nas Comissões do Senado Federal e Congresso Nacional,GET,https://legis.senado.leg.br/dadosabertos/votacaoComissao/comissao/{siglaComissao},application/xml; application/json; text/csv,"[{""name"":""siglaComissao"",""in"":""path"",""description"":""Sigla da Comissão"",""required"":true,""schema"":{""type"":""string""},""example"":""CCJ""},{""name"":""dataInicio"",""in"":""query"",""description"":""Data de início para pesquisa no formato AAAAMMDD"",""required"":false,""schema"":{""type"":""string"",""description"":""Data de início para pesquisa no formato AAAAMMDD""}},{""name"":""dataFim"",""in"":""query"",""description"":""Data de fim para pesquisa no formato AAAAMMDD"",""required"":false,""schema"":{""type"":""string"",""description"":""Data de fim para pesquisa no formato AAAAMMDD""}},{""name"":""v"",""in"":""query"",""description"":""Versão do serviço. Exemplificada a última disponível."",""required"":false,""schema"":{""type"":""integer"",""format"":""int32""},""example"":1}]","{""type"":""string""}",false,Nao declarada de forma uniforme na especificacao OpenAPI,Nao declarada de forma uniforme na especificacao OpenAPI,docs/chaves_relacionamentos.md (exploratorio),2026-10-09T13:52:33+00:00,https://legis.senado.leg.br/dadosabertos/v3/api-docs,"Paginacao, filtros, autenticacao e limites devem ser interpretados pela especificacao; nao coletar sem escopo."
senado,api_endpoint,Votação,Votações de Matérias nas Comissões por Identificação da Matéria,GET,https://legis.senado.leg.br/dadosabertos/votacaoComissao/materia/{sigla}/{numero}/{ano},application/xml; application/json; text/csv,"[{""name"":""sigla"",""in"":""path"",""description"":""Sigla do Tipo da Proposição"",""required"":true,""schema"":{""type"":""string""},""example"":""PLS""},{""name"":""numero"",""in"":""path"",""description"":""Número da Proposição"",""required"":true,""schema"":{""type"":""string""},""example"":171},{""name"":""ano"",""in"":""path"",""description"":""Ano da Proposição"",""required"":true,""schema"":{""type"":""integer"",""format"":""int32""},""example"":2012},{""name"":""comissao"",""in"":""query"",""description"":""Sigla da Comissão"",""required"":false,""schema"":{""type"":""string""}},{""name"":""dataInicio"",""in"":""query"",""description"":""Data de início para pesquisa no formato AAAAMMDD"",""required"":false,""schema"":{""type"":""string"",""description"":""Data de início para pesquisa no formato AAAAMMDD""}},{""name"":""dataFim"",""in"":""query"",""description"":""Data de fim para pesquisa no formato AAAAMMDD"",""required"":false,""schema"":{""type"":""string"",""description"":""Data de fim para pesquisa no formato AAAAMMDD""}},{""name"":""v"",""in"":""query"",""description"":""Versão do serviço. Exemplificada a última disponível."",""required"":false,""schema"":{""type"":""integer"",""format"":""int32""},""example"":1}]","{""type"":""string""}",false,Nao declarada de forma uniforme na especificacao OpenAPI,Nao declarada de forma uniforme na especificacao OpenAPI,docs/chaves_relacionamentos.md (exploratorio),2026-10-09T13:52:33+00:00,https://legis.senado.leg.br/dadosabertos/v3/api-docs,"Paginacao, filtros, autenticacao e limites devem ser interpretados pela especificacao; nao coletar sem escopo."
senado,api_endpoint,Votação,Votações nas Comissões por Parlamentar,GET,https://legis.senado.leg.br/dadosabertos/votacaoComissao/parlamentar/{codigo},application/xml; application/json; text/csv,"[{""name"":""codigo"",""in"":""path"",""description"":""Código do Parlamentar"",""required"":true,""schema"":{""type"":""integer"",""format"":""int32""},""example"":4988},{""name"":""comissao"",""in"":""query"",""description"":""Sigla da Comissão"",""required"":false,""schema"":{""type"":""string""},""example"":""CRE""},{""name"":""dataInicio"",""in"":""query"",""description"":""Data de início para pesquisa no formato AAAAMMDD"",""required"":false,""schema"":{""type"":""string"",""description"":""Data de início para pesquisa no formato AAAAMMDD""}},{""name"":""dataFim"",""in"":""query"",""description"":""Data de fim para pesquisa no formato AAAAMMDD"",""required"":false,""schema"":{""type"":""string"",""description"":""Data de fim para pesquisa no formato AAAAMMDD""}},{""name"":""v"",""in"":""query"",""description"":""Versão do serviço. Exemplificada a última disponível."",""required"":false,""schema"":{""type"":""integer"",""format"":""int32""},""example"":1}]","{""type"":""string""}",false,Nao declarada de forma uniforme na especificacao OpenAPI,Nao declarada de forma uniforme na especificacao OpenAPI,docs/chaves_relacionamentos.md (exploratorio),2026-10-09T13:52:33+00:00,https://legis.senado.leg.br/dadosabertos/v3/api-docs,"Paginacao, filtros, autenticacao e limites devem ser interpretados pela especificacao; nao coletar sem escopo."
senado,bulk_file_or_feed,Comissões,ComissoesMistasCongresso.csv,GET,https://legis.senado.leg.br/dadosabertos/arquivos/ComissoesMistasCongresso.csv,CSV,[],,,Consultar metadados do conjunto,Consultar metadados do conjunto,docs/chaves_relacionamentos.md (exploratorio),2026-10-09T13:52:36+00:00,https://www12.senado.leg.br/dados-abertos/conjuntos?portal=Legislativo&grupo=comissoes,Rotulo do catalogo/portal: CSV; validar cobertura e atualizacao antes da ingestao.
senado,bulk_file_or_feed,Comissões,tiposColegiado.csv,GET,https://legis.senado.leg.br/dadosabertos/comissao/lista/tiposColegiado.csv,CSV,[],,,Consultar metadados do conjunto,Consultar metadados do conjunto,docs/chaves_relacionamentos.md (exploratorio),2026-10-09T13:52:36+00:00,https://www12.senado.leg.br/dados-abertos/conjuntos?portal=Legislativo&grupo=comissoes,Rotulo do catalogo/portal: CSV; validar cobertura e atualizacao antes da ingestao.
senado,bulk_file_or_feed,Comissões,ComissoesMistasCongresso.xml,GET,https://legis.senado.leg.br/dadosabertos/dados/ComissoesMistasCongresso.xml,XML,[],,,Consultar metadados do conjunto,Consultar metadados do conjunto,docs/chaves_relacionamentos.md (exploratorio),2026-10-09T13:52:36+00:00,https://www12.senado.leg.br/dados-abertos/conjuntos?portal=Legislativo&grupo=comissoes,Rotulo do catalogo/portal: XML; validar cobertura e atualizacao antes da ingestao.
senado,bulk_file_or_feed,Comissões,DocumentosSicon.zip,GET,https://legis.senado.leg.br/dadosabertos/dados/DocumentosSicon.zip,ZIP,[],,,Consultar metadados do conjunto,Consultar metadados do conjunto,docs/chaves_relacionamentos.md (exploratorio),2026-10-09T13:52:36+00:00,https://www12.senado.leg.br/dados-abertos/conjuntos?portal=Legislativo&grupo=comissoes,Rotulo do catalogo/portal: para abertura; validar cobertura e atualizacao antes da ingestao.
senado,bulk_file_or_feed,Comissões,ListaColegiados.csv,GET,https://legis.senado.leg.br/dadosabertos/dados/ListaColegiados.csv,CSV,[],,,Consultar metadados do conjunto,Consultar metadados do conjunto,docs/chaves_relacionamentos.md (exploratorio),2026-10-09T13:52:36+00:00,https://www12.senado.leg.br/dados-abertos/conjuntos?portal=Legislativo&grupo=comissoes,Rotulo do catalogo/portal: CSV; validar cobertura e atualizacao antes da ingestao.
senado,bulk_file_or_feed,Comissões,ListaColegiados.xml,GET,https://legis.senado.leg.br/dadosabertos/dados/ListaColegiados.xml,XML,[],,,Consultar metadados do conjunto,Consultar metadados do conjunto,docs/chaves_relacionamentos.md (exploratorio),2026-10-09T13:52:36+00:00,https://www12.senado.leg.br/dados-abertos/conjuntos?portal=Legislativo&grupo=comissoes,Rotulo do catalogo/portal: XML; validar cobertura e atualizacao antes da ingestao.
senado,bulk_file_or_feed,Comissões,tramitacao.csv,GET,https://legis.senado.leg.br/dadosabertos/materia/lista/tramitacao.csv,CSV,[],,,Consultar metadados do conjunto,Consultar metadados do conjunto,docs/chaves_relacionamentos.md (exploratorio),2026-10-09T13:52:36+00:00,https://www12.senado.leg.br/dados-abertos/conjuntos?portal=Legislativo&grupo=comissoes,Rotulo do catalogo/portal: CSV; validar cobertura e atualizacao antes da ingestao.
senado,bulk_file_or_feed,Composição,ComissoesCPMICongresso.csv,GET,https://legis.senado.leg.br/dadosabertos/arquivos/ComissoesCPMICongresso.csv,CSV,[],,,Consultar metadados do conjunto,Consultar metadados do conjunto,docs/chaves_relacionamentos.md (exploratorio),2026-10-09T13:52:36+00:00,https://www12.senado.leg.br/dados-abertos/conjuntos?portal=Legislativo&grupo=composicao,Rotulo do catalogo/portal: CSV; validar cobertura e atualizacao antes da ingestao.
senado,bulk_file_or_feed,Composição,ComissoesCPMICongresso.json,GET,https://legis.senado.leg.br/dadosabertos/arquivos/ComissoesCPMICongresso.json,JSON,[],,,Consultar metadados do conjunto,Consultar metadados do conjunto,docs/chaves_relacionamentos.md (exploratorio),2026-10-09T13:52:36+00:00,https://www12.senado.leg.br/dados-abertos/conjuntos?portal=Legislativo&grupo=composicao,Rotulo do catalogo/portal: JSON; validar cobertura e atualizacao antes da ingestao.
senado,bulk_file_or_feed,Composição,ComissoesInquerito.csv,GET,https://legis.senado.leg.br/dadosabertos/arquivos/ComissoesInquerito.csv,CSV,[],,,Consultar metadados do conjunto,Consultar metadados do conjunto,docs/chaves_relacionamentos.md (exploratorio),2026-10-09T13:52:36+00:00,https://www12.senado.leg.br/dados-abertos/conjuntos?portal=Legislativo&grupo=composicao,Rotulo do catalogo/portal: CSV; validar cobertura e atualizacao antes da ingestao.
senado,bulk_file_or_feed,Composição,ComissoesInquerito.json,GET,https://legis.senado.leg.br/dadosabertos/arquivos/ComissoesInquerito.json,JSON,[],,,Consultar metadados do conjunto,Consultar metadados do conjunto,docs/chaves_relacionamentos.md (exploratorio),2026-10-09T13:52:36+00:00,https://www12.senado.leg.br/dados-abertos/conjuntos?portal=Legislativo&grupo=composicao,Rotulo do catalogo/portal: JSON; validar cobertura e atualizacao antes da ingestao.
senado,bulk_file_or_feed,Composição,ComissoesPermanentes.csv,GET,https://legis.senado.leg.br/dadosabertos/arquivos/ComissoesPermanentes.csv,CSV,[],,,Consultar metadados do conjunto,Consultar metadados do conjunto,docs/chaves_relacionamentos.md (exploratorio),2026-10-09T13:52:36+00:00,https://www12.senado.leg.br/dados-abertos/conjuntos?portal=Legislativo&grupo=composicao,Rotulo do catalogo/portal: CSV; validar cobertura e atualizacao antes da ingestao.
senado,bulk_file_or_feed,Composição,ComissoesPermanentes.json,GET,https://legis.senado.leg.br/dadosabertos/arquivos/ComissoesPermanentes.json,JSON,[],,,Consultar metadados do conjunto,Consultar metadados do conjunto,docs/chaves_relacionamentos.md (exploratorio),2026-10-09T13:52:36+00:00,https://www12.senado.leg.br/dados-abertos/conjuntos?portal=Legislativo&grupo=composicao,Rotulo do catalogo/portal: JSON; validar cobertura e atualizacao antes da ingestao.
senado,bulk_file_or_feed,Composição,ComissoesTemporarias.csv,GET,https://legis.senado.leg.br/dadosabertos/arquivos/ComissoesTemporarias.csv,CSV,[],,,Consultar metadados do conjunto,Consultar metadados do conjunto,docs/chaves_relacionamentos.md (exploratorio),2026-10-09T13:52:36+00:00,https://www12.senado.leg.br/dados-abertos/conjuntos?portal=Legislativo&grupo=composicao,Rotulo do catalogo/portal: CSV; validar cobertura e atualizacao antes da ingestao.
senado,bulk_file_or_feed,Composição,ComissoesTemporarias.json,GET,https://legis.senado.leg.br/dadosabertos/arquivos/ComissoesTemporarias.json,JSON,[],,,Consultar metadados do conjunto,Consultar metadados do conjunto,docs/chaves_relacionamentos.md (exploratorio),2026-10-09T13:52:36+00:00,https://www12.senado.leg.br/dados-abertos/conjuntos?portal=Legislativo&grupo=composicao,Rotulo do catalogo/portal: JSON; validar cobertura e atualizacao antes da ingestao.
senado,bulk_file_or_feed,Composição,ConselhosOrgaosCongresso.csv,GET,https://legis.senado.leg.br/dadosabertos/arquivos/ConselhosOrgaosCongresso.csv,CSV,[],,,Consultar metadados do conjunto,Consultar metadados do conjunto,docs/chaves_relacionamentos.md (exploratorio),2026-10-09T13:52:36+00:00,https://www12.senado.leg.br/dados-abertos/conjuntos?portal=Legislativo&grupo=composicao,Rotulo do catalogo/portal: CSV; validar cobertura e atualizacao antes da ingestao.
senado,bulk_file_or_feed,Composição,ConselhosOrgaosCongresso.json,GET,https://legis.senado.leg.br/dadosabertos/arquivos/ConselhosOrgaosCongresso.json,JSON,[],,,Consultar metadados do conjunto,Consultar metadados do conjunto,docs/chaves_relacionamentos.md (exploratorio),2026-10-09T13:52:36+00:00,https://www12.senado.leg.br/dados-abertos/conjuntos?portal=Legislativo&grupo=composicao,Rotulo do catalogo/portal: JSON; validar cobertura e atualizacao antes da ingestao.
senado,bulk_file_or_feed,Composição,Liderancas.csv,GET,https://legis.senado.leg.br/dadosabertos/arquivos/Liderancas.csv,CSV,[],,,Consultar metadados do conjunto,Consultar metadados do conjunto,docs/chaves_relacionamentos.md (exploratorio),2026-10-09T13:52:36+00:00,https://www12.senado.leg.br/dados-abertos/conjuntos?portal=Legislativo&grupo=composicao,Rotulo do catalogo/portal: CSV; validar cobertura e atualizacao antes da ingestao.
senado,bulk_file_or_feed,Composição,LiderancasCongresso.csv,GET,https://legis.senado.leg.br/dadosabertos/arquivos/LiderancasCongresso.csv,CSV,[],,,Consultar metadados do conjunto,Consultar metadados do conjunto,docs/chaves_relacionamentos.md (exploratorio),2026-10-09T13:52:36+00:00,https://www12.senado.leg.br/dados-abertos/conjuntos?portal=Legislativo&grupo=composicao,Rotulo do catalogo/portal: CSV; validar cobertura e atualizacao antes da ingestao.
senado,bulk_file_or_feed,Composição,ListaBlocoParlamentar.csv,GET,https://legis.senado.leg.br/dadosabertos/arquivos/ListaBlocoParlamentar.csv,CSV,[],,,Consultar metadados do conjunto,Consultar metadados do conjunto,docs/chaves_relacionamentos.md (exploratorio),2026-10-09T13:52:36+00:00,https://www12.senado.leg.br/dados-abertos/conjuntos?portal=Legislativo&grupo=composicao,Rotulo do catalogo/portal: CSV; validar cobertura e atualizacao antes da ingestao.
senado,bulk_file_or_feed,Composição,ListaPartidos.csv,GET,https://legis.senado.leg.br/dadosabertos/arquivos/ListaPartidos.csv,CSV,[],,,Consultar metadados do conjunto,Consultar metadados do conjunto,docs/chaves_relacionamentos.md (exploratorio),2026-10-09T13:52:36+00:00,https://www12.senado.leg.br/dados-abertos/conjuntos?portal=Legislativo&grupo=composicao,Rotulo do catalogo/portal: CSV; validar cobertura e atualizacao antes da ingestao.
senado,bulk_file_or_feed,Composição,tiposCargo.csv,GET,https://legis.senado.leg.br/dadosabertos/composicao/lista/tiposCargo.csv,CSV,[],,,Consultar metadados do conjunto,Consultar metadados do conjunto,docs/chaves_relacionamentos.md (exploratorio),2026-10-09T13:52:36+00:00,https://www12.senado.leg.br/dados-abertos/conjuntos?portal=Legislativo&grupo=composicao,Rotulo do catalogo/portal: CSV; validar cobertura e atualizacao antes da ingestao.
senado,bulk_file_or_feed,Composição,mesaCN.csv,GET,https://legis.senado.leg.br/dadosabertos/composicao/mesaCN.csv,CSV,[],,,Consultar metadados do conjunto,Consultar metadados do conjunto,docs/chaves_relacionamentos.md (exploratorio),2026-10-09T13:52:36+00:00,https://www12.senado.leg.br/dados-abertos/conjuntos?portal=Legislativo&grupo=composicao,Rotulo do catalogo/portal: CSV; validar cobertura e atualizacao antes da ingestao.
senado,bulk_file_or_feed,Composição,mesaSF.csv,GET,https://legis.senado.leg.br/dadosabertos/composicao/mesaSF.csv,CSV,[],,,Consultar metadados do conjunto,Consultar metadados do conjunto,docs/chaves_relacionamentos.md (exploratorio),2026-10-09T13:52:36+00:00,https://www12.senado.leg.br/dados-abertos/conjuntos?portal=Legislativo&grupo=composicao,Rotulo do catalogo/portal: CSV; validar cobertura e atualizacao antes da ingestao.
senado,bulk_file_or_feed,Composição,ComissoesCPMICongresso.xml,GET,https://legis.senado.leg.br/dadosabertos/dados/ComissoesCPMICongresso.xml,XML,[],,,Consultar metadados do conjunto,Consultar metadados do conjunto,docs/chaves_relacionamentos.md (exploratorio),2026-10-09T13:52:36+00:00,https://www12.senado.leg.br/dados-abertos/conjuntos?portal=Legislativo&grupo=composicao,Rotulo do catalogo/portal: XML; validar cobertura e atualizacao antes da ingestao.
senado,bulk_file_or_feed,Composição,ComissoesInquerito.xml,GET,https://legis.senado.leg.br/dadosabertos/dados/ComissoesInquerito.xml,XML,[],,,Consultar metadados do conjunto,Consultar metadados do conjunto,docs/chaves_relacionamentos.md (exploratorio),2026-10-09T13:52:36+00:00,https://www12.senado.leg.br/dados-abertos/conjuntos?portal=Legislativo&grupo=composicao,Rotulo do catalogo/portal: XML; validar cobertura e atualizacao antes da ingestao.
senado,bulk_file_or_feed,Composição,ComissoesPermanentes.xml,GET,https://legis.senado.leg.br/dadosabertos/dados/ComissoesPermanentes.xml,XML,[],,,Consultar metadados do conjunto,Consultar metadados do conjunto,docs/chaves_relacionamentos.md (exploratorio),2026-10-09T13:52:36+00:00,https://www12.senado.leg.br/dados-abertos/conjuntos?portal=Legislativo&grupo=composicao,Rotulo do catalogo/portal: XML; validar cobertura e atualizacao antes da ingestao.
senado,bulk_file_or_feed,Composição,ComissoesTemporarias.xml,GET,https://legis.senado.leg.br/dadosabertos/dados/ComissoesTemporarias.xml,XML,[],,,Consultar metadados do conjunto,Consultar metadados do conjunto,docs/chaves_relacionamentos.md (exploratorio),2026-10-09T13:52:36+00:00,https://www12.senado.leg.br/dados-abertos/conjuntos?portal=Legislativo&grupo=composicao,Rotulo do catalogo/portal: XML; validar cobertura e atualizacao antes da ingestao.
senado,bulk_file_or_feed,Composição,ConselhosOrgaosCongresso.xml,GET,https://legis.senado.leg.br/dadosabertos/dados/ConselhosOrgaosCongresso.xml,XML,[],,,Consultar metadados do conjunto,Consultar metadados do conjunto,docs/chaves_relacionamentos.md (exploratorio),2026-10-09T13:52:36+00:00,https://www12.senado.leg.br/dados-abertos/conjuntos?portal=Legislativo&grupo=composicao,Rotulo do catalogo/portal: XML; validar cobertura e atualizacao antes da ingestao.
senado,bulk_file_or_feed,Composição,Liderancas.xml,GET,https://legis.senado.leg.br/dadosabertos/dados/Liderancas.xml,XML,[],,,Consultar metadados do conjunto,Consultar metadados do conjunto,docs/chaves_relacionamentos.md (exploratorio),2026-10-09T13:52:36+00:00,https://www12.senado.leg.br/dados-abertos/conjuntos?portal=Legislativo&grupo=composicao,Rotulo do catalogo/portal: XML; validar cobertura e atualizacao antes da ingestao.
senado,bulk_file_or_feed,Composição,LiderancasCongresso.xml,GET,https://legis.senado.leg.br/dadosabertos/dados/LiderancasCongresso.xml,XML,[],,,Consultar metadados do conjunto,Consultar metadados do conjunto,docs/chaves_relacionamentos.md (exploratorio),2026-10-09T13:52:36+00:00,https://www12.senado.leg.br/dados-abertos/conjuntos?portal=Legislativo&grupo=composicao,Rotulo do catalogo/portal: XML; validar cobertura e atualizacao antes da ingestao.
senado,bulk_file_or_feed,Composição,ListaBlocoParlamentar.xml,GET,https://legis.senado.leg.br/dadosabertos/dados/ListaBlocoParlamentar.xml,XML,[],,,Consultar metadados do conjunto,Consultar metadados do conjunto,docs/chaves_relacionamentos.md (exploratorio),2026-10-09T13:52:36+00:00,https://www12.senado.leg.br/dados-abertos/conjuntos?portal=Legislativo&grupo=composicao,Rotulo do catalogo/portal: XML; validar cobertura e atualizacao antes da ingestao.
senado,bulk_file_or_feed,Composição,ListaPartidos.xml,GET,https://legis.senado.leg.br/dadosabertos/dados/ListaPartidos.xml,XML,[],,,Consultar metadados do conjunto,Consultar metadados do conjunto,docs/chaves_relacionamentos.md (exploratorio),2026-10-09T13:52:36+00:00,https://www12.senado.leg.br/dados-abertos/conjuntos?portal=Legislativo&grupo=composicao,Rotulo do catalogo/portal: XML; validar cobertura e atualizacao antes da ingestao.
senado,bulk_file_or_feed,Legislação,classes.csv,GET,https://legis.senado.leg.br/dadosabertos/legislacao/classes.csv,CSV,[],,,Consultar metadados do conjunto,Consultar metadados do conjunto,docs/chaves_relacionamentos.md (exploratorio),2026-10-09T13:52:36+00:00,https://www12.senado.leg.br/dados-abertos/conjuntos?portal=Legislativo&grupo=legislacao,Rotulo do catalogo/portal: CSV; validar cobertura e atualizacao antes da ingestao.
senado,bulk_file_or_feed,Legislação,tiposNorma.csv,GET,https://legis.senado.leg.br/dadosabertos/legislacao/tiposNorma.csv,CSV,[],,,Consultar metadados do conjunto,Consultar metadados do conjunto,docs/chaves_relacionamentos.md (exploratorio),2026-10-09T13:52:36+00:00,https://www12.senado.leg.br/dados-abertos/conjuntos?portal=Legislativo&grupo=legislacao,Rotulo do catalogo/portal: CSV; validar cobertura e atualizacao antes da ingestao.
senado,bulk_file_or_feed,Legislação,tiposPublicacao.csv,GET,https://legis.senado.leg.br/dadosabertos/legislacao/tiposPublicacao.csv,CSV,[],,,Consultar metadados do conjunto,Consultar metadados do conjunto,docs/chaves_relacionamentos.md (exploratorio),2026-10-09T13:52:36+00:00,https://www12.senado.leg.br/dados-abertos/conjuntos?portal=Legislativo&grupo=legislacao,Rotulo do catalogo/portal: CSV; validar cobertura e atualizacao antes da ingestao.
senado,bulk_file_or_feed,Legislação,tiposPublicacao.csv,GET,https://legis.senado.leg.br/dadosabertos/legislacao/tiposPublicacao.csv,CSV,[],,,Consultar metadados do conjunto,Consultar metadados do conjunto,docs/chaves_relacionamentos.md (exploratorio),2026-10-09T13:52:36+00:00,https://www12.senado.leg.br/dados-abertos/conjuntos?portal=Legislativo&grupo=legislacao,Rotulo do catalogo/portal: CSV; validar cobertura e atualizacao antes da ingestao.
senado,bulk_file_or_feed,Legislação,tiposVide.csv,GET,https://legis.senado.leg.br/dadosabertos/legislacao/tiposVide.csv,CSV,[],,,Consultar metadados do conjunto,Consultar metadados do conjunto,docs/chaves_relacionamentos.md (exploratorio),2026-10-09T13:52:36+00:00,https://www12.senado.leg.br/dados-abertos/conjuntos?portal=Legislativo&grupo=legislacao,Rotulo do catalogo/portal: CSV; validar cobertura e atualizacao antes da ingestao.
senado,bulk_file_or_feed,Legislação,tiposVide.csv,GET,https://legis.senado.leg.br/dadosabertos/legislacao/tiposVide.csv,CSV,[],,,Consultar metadados do conjunto,Consultar metadados do conjunto,docs/chaves_relacionamentos.md (exploratorio),2026-10-09T13:52:36+00:00,https://www12.senado.leg.br/dados-abertos/conjuntos?portal=Legislativo&grupo=legislacao,Rotulo do catalogo/portal: CSV; validar cobertura e atualizacao antes da ingestao.
senado,bulk_file_or_feed,Legislação,detalhe.csv,GET,https://legis.senado.leg.br/dadosabertos/legislacao/tiposdeclaracao/detalhe.csv,CSV,[],,,Consultar metadados do conjunto,Consultar metadados do conjunto,docs/chaves_relacionamentos.md (exploratorio),2026-10-09T13:52:36+00:00,https://www12.senado.leg.br/dados-abertos/conjuntos?portal=Legislativo&grupo=legislacao,Rotulo do catalogo/portal: CSV; validar cobertura e atualizacao antes da ingestao.
senado,bulk_file_or_feed,Plenário,tipos.csv,GET,https://legis.senado.gov.br/dadosabertos/processo/prazo/tipos.csv,CSV,[],,,Consultar metadados do conjunto,Consultar metadados do conjunto,docs/chaves_relacionamentos.md (exploratorio),2026-10-09T13:52:36+00:00,https://www12.senado.leg.br/dados-abertos/conjuntos?portal=Legislativo&grupo=plenario,Rotulo do catalogo/portal: CSV; validar cobertura e atualizacao antes da ingestao.
senado,bulk_file_or_feed,Plenário,ListaLegislatura.csv,GET,https://legis.senado.leg.br/dadosabertos/arquivos/ListaLegislatura.csv,CSV,[],,,Consultar metadados do conjunto,Consultar metadados do conjunto,docs/chaves_relacionamentos.md (exploratorio),2026-10-09T13:52:36+00:00,https://www12.senado.leg.br/dados-abertos/conjuntos?portal=Legislativo&grupo=plenario,Rotulo do catalogo/portal: CSV; validar cobertura e atualizacao antes da ingestao.
senado,bulk_file_or_feed,Plenário,ListaLegislatura.json,GET,https://legis.senado.leg.br/dadosabertos/arquivos/ListaLegislatura.json,JSON,[],,,Consultar metadados do conjunto,Consultar metadados do conjunto,docs/chaves_relacionamentos.md (exploratorio),2026-10-09T13:52:36+00:00,https://www12.senado.leg.br/dados-abertos/conjuntos?portal=Legislativo&grupo=plenario,Rotulo do catalogo/portal: JSON; validar cobertura e atualizacao antes da ingestao.
senado,bulk_file_or_feed,Plenário,ListaTiposSessao.csv,GET,https://legis.senado.leg.br/dadosabertos/arquivos/ListaTiposSessao.csv,CSV,[],,,Consultar metadados do conjunto,Consultar metadados do conjunto,docs/chaves_relacionamentos.md (exploratorio),2026-10-09T13:52:36+00:00,https://www12.senado.leg.br/dados-abertos/conjuntos?portal=Legislativo&grupo=plenario,Rotulo do catalogo/portal: CSV; validar cobertura e atualizacao antes da ingestao.
senado,bulk_file_or_feed,Plenário,ListaTiposSessao.json,GET,https://legis.senado.leg.br/dadosabertos/arquivos/ListaTiposSessao.json,JSON,[],,,Consultar metadados do conjunto,Consultar metadados do conjunto,docs/chaves_relacionamentos.md (exploratorio),2026-10-09T13:52:36+00:00,https://www12.senado.leg.br/dados-abertos/conjuntos?portal=Legislativo&grupo=plenario,Rotulo do catalogo/portal: JSON; validar cobertura e atualizacao antes da ingestao.
senado,bulk_file_or_feed,Plenário,ListaTiposUsoPalavra.csv,GET,https://legis.senado.leg.br/dadosabertos/arquivos/ListaTiposUsoPalavra.csv,CSV,[],,,Consultar metadados do conjunto,Consultar metadados do conjunto,docs/chaves_relacionamentos.md (exploratorio),2026-10-09T13:52:36+00:00,https://www12.senado.leg.br/dados-abertos/conjuntos?portal=Legislativo&grupo=plenario,Rotulo do catalogo/portal: CSV; validar cobertura e atualizacao antes da ingestao.
senado,bulk_file_or_feed,Plenário,ListaTiposUsoPalavra.json,GET,https://legis.senado.leg.br/dadosabertos/arquivos/ListaTiposUsoPalavra.json,JSON,[],,,Consultar metadados do conjunto,Consultar metadados do conjunto,docs/chaves_relacionamentos.md (exploratorio),2026-10-09T13:52:36+00:00,https://www12.senado.leg.br/dados-abertos/conjuntos?portal=Legislativo&grupo=plenario,Rotulo do catalogo/portal: JSON; validar cobertura e atualizacao antes da ingestao.
senado,bulk_file_or_feed,Plenário,VetosAntesRcnTramitandoCN.csv,GET,https://legis.senado.leg.br/dadosabertos/arquivos/VetosAntesRcnTramitandoCN.csv,CSV,[],,,Consultar metadados do conjunto,Consultar metadados do conjunto,docs/chaves_relacionamentos.md (exploratorio),2026-10-09T13:52:36+00:00,https://www12.senado.leg.br/dados-abertos/conjuntos?portal=Legislativo&grupo=plenario,Rotulo do catalogo/portal: CSV; validar cobertura e atualizacao antes da ingestao.
senado,bulk_file_or_feed,Plenário,VetosAntesRcnTramitandoCN.json,GET,https://legis.senado.leg.br/dadosabertos/arquivos/VetosAntesRcnTramitandoCN.json,JSON,[],,,Consultar metadados do conjunto,Consultar metadados do conjunto,docs/chaves_relacionamentos.md (exploratorio),2026-10-09T13:52:36+00:00,https://www12.senado.leg.br/dados-abertos/conjuntos?portal=Legislativo&grupo=plenario,Rotulo do catalogo/portal: JSON; validar cobertura e atualizacao antes da ingestao.
senado,bulk_file_or_feed,Plenário,VetosAposRcnTramitandoCN.csv,GET,https://legis.senado.leg.br/dadosabertos/arquivos/VetosAposRcnTramitandoCN.csv,CSV,[],,,Consultar metadados do conjunto,Consultar metadados do conjunto,docs/chaves_relacionamentos.md (exploratorio),2026-10-09T13:52:36+00:00,https://www12.senado.leg.br/dados-abertos/conjuntos?portal=Legislativo&grupo=plenario,Rotulo do catalogo/portal: CSV; validar cobertura e atualizacao antes da ingestao.
senado,bulk_file_or_feed,Plenário,VetosTramitacaoEncerradaCN.csv,GET,https://legis.senado.leg.br/dadosabertos/arquivos/VetosTramitacaoEncerradaCN.csv,CSV,[],,,Consultar metadados do conjunto,Consultar metadados do conjunto,docs/chaves_relacionamentos.md (exploratorio),2026-10-09T13:52:36+00:00,https://www12.senado.leg.br/dados-abertos/conjuntos?portal=Legislativo&grupo=plenario,Rotulo do catalogo/portal: CSV; validar cobertura e atualizacao antes da ingestao.
senado,bulk_file_or_feed,Plenário,VetosTramitacaoEncerradaCN.json,GET,https://legis.senado.leg.br/dadosabertos/arquivos/VetosTramitacaoEncerradaCN.json,JSON,[],,,Consultar metadados do conjunto,Consultar metadados do conjunto,docs/chaves_relacionamentos.md (exploratorio),2026-10-09T13:52:36+00:00,https://www12.senado.leg.br/dados-abertos/conjuntos?portal=Legislativo&grupo=plenario,Rotulo do catalogo/portal: JSON; validar cobertura e atualizacao antes da ingestao.
senado,bulk_file_or_feed,Plenário,ListaLegislatura.xml,GET,https://legis.senado.leg.br/dadosabertos/dados/ListaLegislatura.xml,XML,[],,,Consultar metadados do conjunto,Consultar metadados do conjunto,docs/chaves_relacionamentos.md (exploratorio),2026-10-09T13:52:36+00:00,https://www12.senado.leg.br/dados-abertos/conjuntos?portal=Legislativo&grupo=plenario,Rotulo do catalogo/portal: XML; validar cobertura e atualizacao antes da ingestao.
senado,bulk_file_or_feed,Plenário,ListaTiposSessao.xml,GET,https://legis.senado.leg.br/dadosabertos/dados/ListaTiposSessao.xml,XML,[],,,Consultar metadados do conjunto,Consultar metadados do conjunto,docs/chaves_relacionamentos.md (exploratorio),2026-10-09T13:52:36+00:00,https://www12.senado.leg.br/dados-abertos/conjuntos?portal=Legislativo&grupo=plenario,Rotulo do catalogo/portal: XML; validar cobertura e atualizacao antes da ingestao.
senado,bulk_file_or_feed,Plenário,ListaTiposUsoPalavra.xml,GET,https://legis.senado.leg.br/dadosabertos/dados/ListaTiposUsoPalavra.xml,XML,[],,,Consultar metadados do conjunto,Consultar metadados do conjunto,docs/chaves_relacionamentos.md (exploratorio),2026-10-09T13:52:36+00:00,https://www12.senado.leg.br/dados-abertos/conjuntos?portal=Legislativo&grupo=plenario,Rotulo do catalogo/portal: XML; validar cobertura e atualizacao antes da ingestao.
senado,bulk_file_or_feed,Plenário,VetosAntesRcnTramitandoCN.xml,GET,https://legis.senado.leg.br/dadosabertos/dados/VetosAntesRcnTramitandoCN.xml,XML,[],,,Consultar metadados do conjunto,Consultar metadados do conjunto,docs/chaves_relacionamentos.md (exploratorio),2026-10-09T13:52:36+00:00,https://www12.senado.leg.br/dados-abertos/conjuntos?portal=Legislativo&grupo=plenario,Rotulo do catalogo/portal: XML; validar cobertura e atualizacao antes da ingestao.
senado,bulk_file_or_feed,Plenário,VetosAposRcnTramitandoCN.xml,GET,https://legis.senado.leg.br/dadosabertos/dados/VetosAposRcnTramitandoCN.xml,XML,[],,,Consultar metadados do conjunto,Consultar metadados do conjunto,docs/chaves_relacionamentos.md (exploratorio),2026-10-09T13:52:36+00:00,https://www12.senado.leg.br/dados-abertos/conjuntos?portal=Legislativo&grupo=plenario,Rotulo do catalogo/portal: XML; validar cobertura e atualizacao antes da ingestao.
senado,bulk_file_or_feed,Plenário,VetosTramitacaoEncerradaCN.xml,GET,https://legis.senado.leg.br/dadosabertos/dados/VetosTramitacaoEncerradaCN.xml,XML,[],,,Consultar metadados do conjunto,Consultar metadados do conjunto,docs/chaves_relacionamentos.md (exploratorio),2026-10-09T13:52:36+00:00,https://www12.senado.leg.br/dados-abertos/conjuntos?portal=Legislativo&grupo=plenario,Rotulo do catalogo/portal: XML; validar cobertura e atualizacao antes da ingestao.
senado,bulk_file_or_feed,Plenário,prazo.csv,GET,https://legis.senado.leg.br/dadosabertos/processo/prazo.csv,CSV,[],,,Consultar metadados do conjunto,Consultar metadados do conjunto,docs/chaves_relacionamentos.md (exploratorio),2026-10-09T13:52:36+00:00,https://www12.senado.leg.br/dados-abertos/conjuntos?portal=Legislativo&grupo=plenario,Rotulo do catalogo/portal: CSV; validar cobertura e atualizacao antes da ingestao.
senado,bulk_file_or_feed,Plenário,votacao.csv,GET,https://legis.senado.leg.br/dadosabertos/votacao.csv,CSV,[],,,Consultar metadados do conjunto,Consultar metadados do conjunto,docs/chaves_relacionamentos.md (exploratorio),2026-10-09T13:52:36+00:00,https://www12.senado.leg.br/dados-abertos/conjuntos?portal=Legislativo&grupo=plenario,Rotulo do catalogo/portal: CSV; validar cobertura e atualizacao antes da ingestao.
senado,bulk_file_or_feed,Projetos e Matérias,atual.csv,GET,https://legis.senado.gov.br/dadosabertos/autor/lista/atual.csv,CSV,[],,,Consultar metadados do conjunto,Consultar metadados do conjunto,docs/chaves_relacionamentos.md (exploratorio),2026-10-09T13:52:35+00:00,https://www12.senado.leg.br/dados-abertos/conjuntos?portal=Legislativo&grupo=projetos-e-materias,Rotulo do catalogo/portal: CSV; validar cobertura e atualizacao antes da ingestao.
senado,bulk_file_or_feed,Projetos e Matérias,colegiados.csv,GET,https://legis.senado.gov.br/dadosabertos/comissao/lista/colegiados.csv,CSV,[],,,Consultar metadados do conjunto,Consultar metadados do conjunto,docs/chaves_relacionamentos.md (exploratorio),2026-10-09T13:52:35+00:00,https://www12.senado.leg.br/dados-abertos/conjuntos?portal=Legislativo&grupo=projetos-e-materias,Rotulo do catalogo/portal: CSV; validar cobertura e atualizacao antes da ingestao.
senado,bulk_file_or_feed,Projetos e Matérias,lista.csv,GET,https://legis.senado.gov.br/dadosabertos/orcamento/lista.csv,CSV,[],,,Consultar metadados do conjunto,Consultar metadados do conjunto,docs/chaves_relacionamentos.md (exploratorio),2026-10-09T13:52:35+00:00,https://www12.senado.leg.br/dados-abertos/conjuntos?portal=Legislativo&grupo=projetos-e-materias,Rotulo do catalogo/portal: CSV; validar cobertura e atualizacao antes da ingestao.
senado,bulk_file_or_feed,Projetos e Matérias,oficios.csv,GET,https://legis.senado.gov.br/dadosabertos/orcamento/oficios.csv,CSV,[],,,Consultar metadados do conjunto,Consultar metadados do conjunto,docs/chaves_relacionamentos.md (exploratorio),2026-10-09T13:52:35+00:00,https://www12.senado.leg.br/dados-abertos/conjuntos?portal=Legislativo&grupo=projetos-e-materias,Rotulo do catalogo/portal: CSV; validar cobertura e atualizacao antes da ingestao.
senado,bulk_file_or_feed,Projetos e Matérias,processo.csv?sigla=mpv&tramitando=S,GET,https://legis.senado.gov.br/dadosabertos/processo.csv?sigla=mpv&tramitando=S,CSV?,[],,,Consultar metadados do conjunto,Consultar metadados do conjunto,docs/chaves_relacionamentos.md (exploratorio),2026-10-09T13:52:35+00:00,https://www12.senado.leg.br/dados-abertos/conjuntos?portal=Legislativo&grupo=projetos-e-materias,Rotulo do catalogo/portal: CSV; validar cobertura e atualizacao antes da ingestao.
senado,bulk_file_or_feed,Projetos e Matérias,assuntos.csv,GET,https://legis.senado.gov.br/dadosabertos/processo/assuntos.csv,CSV,[],,,Consultar metadados do conjunto,Consultar metadados do conjunto,docs/chaves_relacionamentos.md (exploratorio),2026-10-09T13:52:35+00:00,https://www12.senado.leg.br/dados-abertos/conjuntos?portal=Legislativo&grupo=projetos-e-materias,Rotulo do catalogo/portal: CSV; validar cobertura e atualizacao antes da ingestao.
senado,bulk_file_or_feed,Projetos e Matérias,tipos-conteudo.csv,GET,https://legis.senado.gov.br/dadosabertos/processo/documento/tipos-conteudo.csv,CSV,[],,,Consultar metadados do conjunto,Consultar metadados do conjunto,docs/chaves_relacionamentos.md (exploratorio),2026-10-09T13:52:35+00:00,https://www12.senado.leg.br/dados-abertos/conjuntos?portal=Legislativo&grupo=projetos-e-materias,Rotulo do catalogo/portal: CSV; validar cobertura e atualizacao antes da ingestao.
senado,bulk_file_or_feed,Projetos e Matérias,entes.csv,GET,https://legis.senado.gov.br/dadosabertos/processo/entes.csv,CSV,[],,,Consultar metadados do conjunto,Consultar metadados do conjunto,docs/chaves_relacionamentos.md (exploratorio),2026-10-09T13:52:35+00:00,https://www12.senado.leg.br/dados-abertos/conjuntos?portal=Legislativo&grupo=projetos-e-materias,Rotulo do catalogo/portal: CSV; validar cobertura e atualizacao antes da ingestao.
senado,bulk_file_or_feed,Projetos e Matérias,tipos.csv,GET,https://legis.senado.gov.br/dadosabertos/processo/prazo/tipos.csv,CSV,[],,,Consultar metadados do conjunto,Consultar metadados do conjunto,docs/chaves_relacionamentos.md (exploratorio),2026-10-09T13:52:35+00:00,https://www12.senado.leg.br/dados-abertos/conjuntos?portal=Legislativo&grupo=projetos-e-materias,Rotulo do catalogo/portal: CSV; validar cobertura e atualizacao antes da ingestao.
senado,bulk_file_or_feed,Projetos e Matérias,siglas.csv,GET,https://legis.senado.gov.br/dadosabertos/processo/siglas.csv,CSV,[],,,Consultar metadados do conjunto,Consultar metadados do conjunto,docs/chaves_relacionamentos.md (exploratorio),2026-10-09T13:52:35+00:00,https://www12.senado.leg.br/dados-abertos/conjuntos?portal=Legislativo&grupo=projetos-e-materias,Rotulo do catalogo/portal: CSV; validar cobertura e atualizacao antes da ingestao.
senado,bulk_file_or_feed,Projetos e Matérias,tipos-atualizacao.csv,GET,https://legis.senado.gov.br/dadosabertos/processo/tipos-atualizacao.csv,CSV,[],,,Consultar metadados do conjunto,Consultar metadados do conjunto,docs/chaves_relacionamentos.md (exploratorio),2026-10-09T13:52:35+00:00,https://www12.senado.leg.br/dados-abertos/conjuntos?portal=Legislativo&grupo=projetos-e-materias,Rotulo do catalogo/portal: CSV; validar cobertura e atualizacao antes da ingestao.
senado,bulk_file_or_feed,Projetos e Matérias,tipos-autor.csv,GET,https://legis.senado.gov.br/dadosabertos/processo/tipos-autor.csv,CSV,[],,,Consultar metadados do conjunto,Consultar metadados do conjunto,docs/chaves_relacionamentos.md (exploratorio),2026-10-09T13:52:35+00:00,https://www12.senado.leg.br/dados-abertos/conjuntos?portal=Legislativo&grupo=projetos-e-materias,Rotulo do catalogo/portal: CSV; validar cobertura e atualizacao antes da ingestao.
senado,bulk_file_or_feed,Projetos e Matérias,tipos-autor.csv,GET,https://legis.senado.gov.br/dadosabertos/processo/tipos-autor.csv,CSV,[],,,Consultar metadados do conjunto,Consultar metadados do conjunto,docs/chaves_relacionamentos.md (exploratorio),2026-10-09T13:52:35+00:00,https://www12.senado.leg.br/dados-abertos/conjuntos?portal=Legislativo&grupo=projetos-e-materias,Rotulo do catalogo/portal: CSV; validar cobertura e atualizacao antes da ingestao.
senado,bulk_file_or_feed,Projetos e Matérias,tipos-situacao.csv,GET,https://legis.senado.gov.br/dadosabertos/processo/tipos-situacao.csv,CSV,[],,,Consultar metadados do conjunto,Consultar metadados do conjunto,docs/chaves_relacionamentos.md (exploratorio),2026-10-09T13:52:35+00:00,https://www12.senado.leg.br/dados-abertos/conjuntos?portal=Legislativo&grupo=projetos-e-materias,Rotulo do catalogo/portal: CSV; validar cobertura e atualizacao antes da ingestao.
senado,bulk_file_or_feed,Projetos e Matérias,partidos.csv,GET,https://legis.senado.gov.br/dadosabertos/senador/partidos.csv,CSV,[],,,Consultar metadados do conjunto,Consultar metadados do conjunto,docs/chaves_relacionamentos.md (exploratorio),2026-10-09T13:52:35+00:00,https://www12.senado.leg.br/dados-abertos/conjuntos?portal=Legislativo&grupo=projetos-e-materias,Rotulo do catalogo/portal: CSV; validar cobertura e atualizacao antes da ingestao.
senado,bulk_file_or_feed,Projetos e Matérias,ListaClassificacoesMateria.csv,GET,https://legis.senado.leg.br/dadosabertos/arquivos/ListaClassificacoesMateria.csv,CSV,[],,,Consultar metadados do conjunto,Consultar metadados do conjunto,docs/chaves_relacionamentos.md (exploratorio),2026-10-09T13:52:35+00:00,https://www12.senado.leg.br/dados-abertos/conjuntos?portal=Legislativo&grupo=projetos-e-materias,Rotulo do catalogo/portal: CSV; validar cobertura e atualizacao antes da ingestao.
senado,bulk_file_or_feed,Projetos e Matérias,ListaClassificacoesMateria.json,GET,https://legis.senado.leg.br/dadosabertos/arquivos/ListaClassificacoesMateria.json,JSON,[],,,Consultar metadados do conjunto,Consultar metadados do conjunto,docs/chaves_relacionamentos.md (exploratorio),2026-10-09T13:52:35+00:00,https://www12.senado.leg.br/dados-abertos/conjuntos?portal=Legislativo&grupo=projetos-e-materias,Rotulo do catalogo/portal: JSON; validar cobertura e atualizacao antes da ingestao.
senado,bulk_file_or_feed,Projetos e Matérias,ListaConversaoTiposPrazo.csv,GET,https://legis.senado.leg.br/dadosabertos/arquivos/ListaConversaoTiposPrazo.csv,CSV,[],,,Consultar metadados do conjunto,Consultar metadados do conjunto,docs/chaves_relacionamentos.md (exploratorio),2026-10-09T13:52:35+00:00,https://www12.senado.leg.br/dados-abertos/conjuntos?portal=Legislativo&grupo=projetos-e-materias,Rotulo do catalogo/portal: CSV; validar cobertura e atualizacao antes da ingestao.
senado,bulk_file_or_feed,Projetos e Matérias,ListaConversaoTiposPrazo.json,GET,https://legis.senado.leg.br/dadosabertos/arquivos/ListaConversaoTiposPrazo.json,JSON,[],,,Consultar metadados do conjunto,Consultar metadados do conjunto,docs/chaves_relacionamentos.md (exploratorio),2026-10-09T13:52:35+00:00,https://www12.senado.leg.br/dados-abertos/conjuntos?portal=Legislativo&grupo=projetos-e-materias,Rotulo do catalogo/portal: JSON; validar cobertura e atualizacao antes da ingestao.
senado,bulk_file_or_feed,Projetos e Matérias,ListaDestinos.csv,GET,https://legis.senado.leg.br/dadosabertos/arquivos/ListaDestinos.csv,CSV,[],,,Consultar metadados do conjunto,Consultar metadados do conjunto,docs/chaves_relacionamentos.md (exploratorio),2026-10-09T13:52:35+00:00,https://www12.senado.leg.br/dados-abertos/conjuntos?portal=Legislativo&grupo=projetos-e-materias,Rotulo do catalogo/portal: CSV; validar cobertura e atualizacao antes da ingestao.
senado,bulk_file_or_feed,Projetos e Matérias,ListaDestinos.json,GET,https://legis.senado.leg.br/dadosabertos/arquivos/ListaDestinos.json,JSON,[],,,Consultar metadados do conjunto,Consultar metadados do conjunto,docs/chaves_relacionamentos.md (exploratorio),2026-10-09T13:52:35+00:00,https://www12.senado.leg.br/dados-abertos/conjuntos?portal=Legislativo&grupo=projetos-e-materias,Rotulo do catalogo/portal: JSON; validar cobertura e atualizacao antes da ingestao.
senado,bulk_file_or_feed,Projetos e Matérias,ListaTiposColegiado.csv,GET,https://legis.senado.leg.br/dadosabertos/arquivos/ListaTiposColegiado.csv,CSV,[],,,Consultar metadados do conjunto,Consultar metadados do conjunto,docs/chaves_relacionamentos.md (exploratorio),2026-10-09T13:52:35+00:00,https://www12.senado.leg.br/dados-abertos/conjuntos?portal=Legislativo&grupo=projetos-e-materias,Rotulo do catalogo/portal: CSV; validar cobertura e atualizacao antes da ingestao.
senado,bulk_file_or_feed,Projetos e Matérias,ListaTiposColegiado.json,GET,https://legis.senado.leg.br/dadosabertos/arquivos/ListaTiposColegiado.json,JSON,[],,,Consultar metadados do conjunto,Consultar metadados do conjunto,docs/chaves_relacionamentos.md (exploratorio),2026-10-09T13:52:35+00:00,https://www12.senado.leg.br/dados-abertos/conjuntos?portal=Legislativo&grupo=projetos-e-materias,Rotulo do catalogo/portal: JSON; validar cobertura e atualizacao antes da ingestao.
senado,bulk_file_or_feed,Projetos e Matérias,ListaTiposComparecimento.csv,GET,https://legis.senado.leg.br/dadosabertos/arquivos/ListaTiposComparecimento.csv,CSV,[],,,Consultar metadados do conjunto,Consultar metadados do conjunto,docs/chaves_relacionamentos.md (exploratorio),2026-10-09T13:52:35+00:00,https://www12.senado.leg.br/dados-abertos/conjuntos?portal=Legislativo&grupo=projetos-e-materias,Rotulo do catalogo/portal: CSV; validar cobertura e atualizacao antes da ingestao.
senado,bulk_file_or_feed,Projetos e Matérias,ListaTiposComparecimento.json,GET,https://legis.senado.leg.br/dadosabertos/arquivos/ListaTiposComparecimento.json,JSON,[],,,Consultar metadados do conjunto,Consultar metadados do conjunto,docs/chaves_relacionamentos.md (exploratorio),2026-10-09T13:52:35+00:00,https://www12.senado.leg.br/dados-abertos/conjuntos?portal=Legislativo&grupo=projetos-e-materias,Rotulo do catalogo/portal: JSON; validar cobertura e atualizacao antes da ingestao.
senado,bulk_file_or_feed,Projetos e Matérias,ListaTiposDecisao.csv,GET,https://legis.senado.leg.br/dadosabertos/arquivos/ListaTiposDecisao.csv,CSV,[],,,Consultar metadados do conjunto,Consultar metadados do conjunto,docs/chaves_relacionamentos.md (exploratorio),2026-10-09T13:52:35+00:00,https://www12.senado.leg.br/dados-abertos/conjuntos?portal=Legislativo&grupo=projetos-e-materias,Rotulo do catalogo/portal: CSV; validar cobertura e atualizacao antes da ingestao.
senado,bulk_file_or_feed,Projetos e Matérias,ListaTiposDecisao.json,GET,https://legis.senado.leg.br/dadosabertos/arquivos/ListaTiposDecisao.json,JSON,[],,,Consultar metadados do conjunto,Consultar metadados do conjunto,docs/chaves_relacionamentos.md (exploratorio),2026-10-09T13:52:35+00:00,https://www12.senado.leg.br/dados-abertos/conjuntos?portal=Legislativo&grupo=projetos-e-materias,Rotulo do catalogo/portal: JSON; validar cobertura e atualizacao antes da ingestao.
senado,bulk_file_or_feed,Projetos e Matérias,ListaTiposEmenda.csv,GET,https://legis.senado.leg.br/dadosabertos/arquivos/ListaTiposEmenda.csv,CSV,[],,,Consultar metadados do conjunto,Consultar metadados do conjunto,docs/chaves_relacionamentos.md (exploratorio),2026-10-09T13:52:35+00:00,https://www12.senado.leg.br/dados-abertos/conjuntos?portal=Legislativo&grupo=projetos-e-materias,Rotulo do catalogo/portal: CSV; validar cobertura e atualizacao antes da ingestao.
senado,bulk_file_or_feed,Projetos e Matérias,ListaTiposEmenda.json,GET,https://legis.senado.leg.br/dadosabertos/arquivos/ListaTiposEmenda.json,JSON,[],,,Consultar metadados do conjunto,Consultar metadados do conjunto,docs/chaves_relacionamentos.md (exploratorio),2026-10-09T13:52:35+00:00,https://www12.senado.leg.br/dados-abertos/conjuntos?portal=Legislativo&grupo=projetos-e-materias,Rotulo do catalogo/portal: JSON; validar cobertura e atualizacao antes da ingestao.
senado,bulk_file_or_feed,Projetos e Matérias,ListaTiposTurnoApresentacao.csv,GET,https://legis.senado.leg.br/dadosabertos/arquivos/ListaTiposTurnoApresentacao.csv,CSV,[],,,Consultar metadados do conjunto,Consultar metadados do conjunto,docs/chaves_relacionamentos.md (exploratorio),2026-10-09T13:52:35+00:00,https://www12.senado.leg.br/dados-abertos/conjuntos?portal=Legislativo&grupo=projetos-e-materias,Rotulo do catalogo/portal: CSV; validar cobertura e atualizacao antes da ingestao.
senado,bulk_file_or_feed,Projetos e Matérias,ListaTiposTurnoApresentacao.json,GET,https://legis.senado.leg.br/dadosabertos/arquivos/ListaTiposTurnoApresentacao.json,JSON,[],,,Consultar metadados do conjunto,Consultar metadados do conjunto,docs/chaves_relacionamentos.md (exploratorio),2026-10-09T13:52:35+00:00,https://www12.senado.leg.br/dados-abertos/conjuntos?portal=Legislativo&grupo=projetos-e-materias,Rotulo do catalogo/portal: JSON; validar cobertura e atualizacao antes da ingestao.
senado,bulk_file_or_feed,Projetos e Matérias,ListaClassificacoesMateria.xml,GET,https://legis.senado.leg.br/dadosabertos/dados/ListaClassificacoesMateria.xml,XML,[],,,Consultar metadados do conjunto,Consultar metadados do conjunto,docs/chaves_relacionamentos.md (exploratorio),2026-10-09T13:52:35+00:00,https://www12.senado.leg.br/dados-abertos/conjuntos?portal=Legislativo&grupo=projetos-e-materias,Rotulo do catalogo/portal: XML; validar cobertura e atualizacao antes da ingestao.
senado,bulk_file_or_feed,Projetos e Matérias,ListaConversaoTiposPrazo.xml,GET,https://legis.senado.leg.br/dadosabertos/dados/ListaConversaoTiposPrazo.xml,XML,[],,,Consultar metadados do conjunto,Consultar metadados do conjunto,docs/chaves_relacionamentos.md (exploratorio),2026-10-09T13:52:35+00:00,https://www12.senado.leg.br/dados-abertos/conjuntos?portal=Legislativo&grupo=projetos-e-materias,Rotulo do catalogo/portal: XML; validar cobertura e atualizacao antes da ingestao.
senado,bulk_file_or_feed,Projetos e Matérias,ListaDestinos.xml,GET,https://legis.senado.leg.br/dadosabertos/dados/ListaDestinos.xml,XML,[],,,Consultar metadados do conjunto,Consultar metadados do conjunto,docs/chaves_relacionamentos.md (exploratorio),2026-10-09T13:52:35+00:00,https://www12.senado.leg.br/dados-abertos/conjuntos?portal=Legislativo&grupo=projetos-e-materias,Rotulo do catalogo/portal: XML; validar cobertura e atualizacao antes da ingestao.
senado,bulk_file_or_feed,Projetos e Matérias,ListaTiposColegiado.xml,GET,https://legis.senado.leg.br/dadosabertos/dados/ListaTiposColegiado.xml,XML,[],,,Consultar metadados do conjunto,Consultar metadados do conjunto,docs/chaves_relacionamentos.md (exploratorio),2026-10-09T13:52:35+00:00,https://www12.senado.leg.br/dados-abertos/conjuntos?portal=Legislativo&grupo=projetos-e-materias,Rotulo do catalogo/portal: XML; validar cobertura e atualizacao antes da ingestao.
senado,bulk_file_or_feed,Projetos e Matérias,ListaTiposComparecimento.xml,GET,https://legis.senado.leg.br/dadosabertos/dados/ListaTiposComparecimento.xml,XML,[],,,Consultar metadados do conjunto,Consultar metadados do conjunto,docs/chaves_relacionamentos.md (exploratorio),2026-10-09T13:52:35+00:00,https://www12.senado.leg.br/dados-abertos/conjuntos?portal=Legislativo&grupo=projetos-e-materias,Rotulo do catalogo/portal: XML; validar cobertura e atualizacao antes da ingestao.
senado,bulk_file_or_feed,Projetos e Matérias,ListaTiposDecisao.xml,GET,https://legis.senado.leg.br/dadosabertos/dados/ListaTiposDecisao.xml,XML,[],,,Consultar metadados do conjunto,Consultar metadados do conjunto,docs/chaves_relacionamentos.md (exploratorio),2026-10-09T13:52:35+00:00,https://www12.senado.leg.br/dados-abertos/conjuntos?portal=Legislativo&grupo=projetos-e-materias,Rotulo do catalogo/portal: XML; validar cobertura e atualizacao antes da ingestao.
senado,bulk_file_or_feed,Projetos e Matérias,ListaTiposEmenda.xml,GET,https://legis.senado.leg.br/dadosabertos/dados/ListaTiposEmenda.xml,XML,[],,,Consultar metadados do conjunto,Consultar metadados do conjunto,docs/chaves_relacionamentos.md (exploratorio),2026-10-09T13:52:35+00:00,https://www12.senado.leg.br/dados-abertos/conjuntos?portal=Legislativo&grupo=projetos-e-materias,Rotulo do catalogo/portal: XML; validar cobertura e atualizacao antes da ingestao.
senado,bulk_file_or_feed,Projetos e Matérias,ListaTiposTurnoApresentacao.xml,GET,https://legis.senado.leg.br/dadosabertos/dados/ListaTiposTurnoApresentacao.xml,XML,[],,,Consultar metadados do conjunto,Consultar metadados do conjunto,docs/chaves_relacionamentos.md (exploratorio),2026-10-09T13:52:35+00:00,https://www12.senado.leg.br/dados-abertos/conjuntos?portal=Legislativo&grupo=projetos-e-materias,Rotulo do catalogo/portal: XML; validar cobertura e atualizacao antes da ingestao.
senado,bulk_file_or_feed,Projetos e Matérias,tramitacao.csv,GET,https://legis.senado.leg.br/dadosabertos/materia/lista/tramitacao.csv,CSV,[],,,Consultar metadados do conjunto,Consultar metadados do conjunto,docs/chaves_relacionamentos.md (exploratorio),2026-10-09T13:52:35+00:00,https://www12.senado.leg.br/dados-abertos/conjuntos?portal=Legislativo&grupo=projetos-e-materias,Rotulo do catalogo/portal: CSV; validar cobertura e atualizacao antes da ingestao.
senado,bulk_file_or_feed,Projetos e Matérias,antesrcn.csv,GET,https://legis.senado.leg.br/dadosabertos/materia/vetos/antesrcn.csv,CSV,[],,,Consultar metadados do conjunto,Consultar metadados do conjunto,docs/chaves_relacionamentos.md (exploratorio),2026-10-09T13:52:35+00:00,https://www12.senado.leg.br/dados-abertos/conjuntos?portal=Legislativo&grupo=projetos-e-materias,Rotulo do catalogo/portal: CSV; validar cobertura e atualizacao antes da ingestao.
senado,bulk_file_or_feed,Projetos e Matérias,aposrcn.csv,GET,https://legis.senado.leg.br/dadosabertos/materia/vetos/aposrcn.csv,CSV,[],,,Consultar metadados do conjunto,Consultar metadados do conjunto,docs/chaves_relacionamentos.md (exploratorio),2026-10-09T13:52:35+00:00,https://www12.senado.leg.br/dados-abertos/conjuntos?portal=Legislativo&grupo=projetos-e-materias,Rotulo do catalogo/portal: CSV; validar cobertura e atualizacao antes da ingestao.
senado,bulk_file_or_feed,Projetos e Matérias,encerrados.csv,GET,https://legis.senado.leg.br/dadosabertos/materia/vetos/encerrados.csv,CSV,[],,,Consultar metadados do conjunto,Consultar metadados do conjunto,docs/chaves_relacionamentos.md (exploratorio),2026-10-09T13:52:35+00:00,https://www12.senado.leg.br/dados-abertos/conjuntos?portal=Legislativo&grupo=projetos-e-materias,Rotulo do catalogo/portal: CSV; validar cobertura e atualizacao antes da ingestao.
senado,bulk_file_or_feed,Projetos e Matérias,processo.csv,GET,https://legis.senado.leg.br/dadosabertos/processo.csv,CSV,[],,,Consultar metadados do conjunto,Consultar metadados do conjunto,docs/chaves_relacionamentos.md (exploratorio),2026-10-09T13:52:35+00:00,https://www12.senado.leg.br/dados-abertos/conjuntos?portal=Legislativo&grupo=projetos-e-materias,Rotulo do catalogo/portal: CSV; validar cobertura e atualizacao antes da ingestao.
senado,bulk_file_or_feed,Projetos e Matérias,processo.csv,GET,https://legis.senado.leg.br/dadosabertos/processo.csv,CSV,[],,,Consultar metadados do conjunto,Consultar metadados do conjunto,docs/chaves_relacionamentos.md (exploratorio),2026-10-09T13:52:35+00:00,https://www12.senado.leg.br/dados-abertos/conjuntos?portal=Legislativo&grupo=projetos-e-materias,Rotulo do catalogo/portal: CSV; validar cobertura e atualizacao antes da ingestao.
senado,bulk_file_or_feed,Projetos e Matérias,processo.csv,GET,https://legis.senado.leg.br/dadosabertos/processo.csv,CSV,[],,,Consultar metadados do conjunto,Consultar metadados do conjunto,docs/chaves_relacionamentos.md (exploratorio),2026-10-09T13:52:35+00:00,https://www12.senado.leg.br/dados-abertos/conjuntos?portal=Legislativo&grupo=projetos-e-materias,Rotulo do catalogo/portal: CSV; validar cobertura e atualizacao antes da ingestao.
senado,bulk_file_or_feed,Projetos e Matérias,processo.csv,GET,https://legis.senado.leg.br/dadosabertos/processo.csv,CSV,[],,,Consultar metadados do conjunto,Consultar metadados do conjunto,docs/chaves_relacionamentos.md (exploratorio),2026-10-09T13:52:35+00:00,https://www12.senado.leg.br/dados-abertos/conjuntos?portal=Legislativo&grupo=projetos-e-materias,Rotulo do catalogo/portal: CSV; validar cobertura e atualizacao antes da ingestao.
senado,bulk_file_or_feed,Projetos e Matérias,processo.csv?tramitando=N&tramitouLegislaturaAtual=S,GET,https://legis.senado.leg.br/dadosabertos/processo.csv?tramitando=N&tramitouLegislaturaAtual=S,CSV?,[],,,Consultar metadados do conjunto,Consultar metadados do conjunto,docs/chaves_relacionamentos.md (exploratorio),2026-10-09T13:52:35+00:00,https://www12.senado.leg.br/dados-abertos/conjuntos?portal=Legislativo&grupo=projetos-e-materias,Rotulo do catalogo/portal: CSV; validar cobertura e atualizacao antes da ingestao.
senado,bulk_file_or_feed,Projetos e Matérias,emenda.csv,GET,https://legis.senado.leg.br/dadosabertos/processo/emenda.csv,CSV,[],,,Consultar metadados do conjunto,Consultar metadados do conjunto,docs/chaves_relacionamentos.md (exploratorio),2026-10-09T13:52:35+00:00,https://www12.senado.leg.br/dados-abertos/conjuntos?portal=Legislativo&grupo=projetos-e-materias,Rotulo do catalogo/portal: CSV; validar cobertura e atualizacao antes da ingestao.
senado,bulk_file_or_feed,Projetos e Matérias,prazo.csv,GET,https://legis.senado.leg.br/dadosabertos/processo/prazo.csv,CSV,[],,,Consultar metadados do conjunto,Consultar metadados do conjunto,docs/chaves_relacionamentos.md (exploratorio),2026-10-09T13:52:35+00:00,https://www12.senado.leg.br/dados-abertos/conjuntos?portal=Legislativo&grupo=projetos-e-materias,Rotulo do catalogo/portal: CSV; validar cobertura e atualizacao antes da ingestao.
senado,bulk_file_or_feed,Projetos e Matérias,relatoria.csv,GET,https://legis.senado.leg.br/dadosabertos/processo/relatoria.csv,CSV,[],,,Consultar metadados do conjunto,Consultar metadados do conjunto,docs/chaves_relacionamentos.md (exploratorio),2026-10-09T13:52:35+00:00,https://www12.senado.leg.br/dados-abertos/conjuntos?portal=Legislativo&grupo=projetos-e-materias,Rotulo do catalogo/portal: CSV; validar cobertura e atualizacao antes da ingestao.
senado,bulk_file_or_feed,Projetos e Matérias,votacao.csv,GET,https://legis.senado.leg.br/dadosabertos/votacao.csv,CSV,[],,,Consultar metadados do conjunto,Consultar metadados do conjunto,docs/chaves_relacionamentos.md (exploratorio),2026-10-09T13:52:35+00:00,https://www12.senado.leg.br/dados-abertos/conjuntos?portal=Legislativo&grupo=projetos-e-materias,Rotulo do catalogo/portal: CSV; validar cobertura e atualizacao antes da ingestao.
senado,bulk_file_or_feed,Senadores,AfastamentoAtual.csv,GET,https://legis.senado.leg.br/dadosabertos/arquivos/AfastamentoAtual.csv,CSV,[],,,Consultar metadados do conjunto,Consultar metadados do conjunto,docs/chaves_relacionamentos.md (exploratorio),2026-10-09T13:52:35+00:00,https://www12.senado.leg.br/dados-abertos/conjuntos?portal=Legislativo&grupo=senadores,Rotulo do catalogo/portal: CSV; validar cobertura e atualizacao antes da ingestao.
senado,bulk_file_or_feed,Senadores,AfastamentoAtual.json,GET,https://legis.senado.leg.br/dadosabertos/arquivos/AfastamentoAtual.json,JSON,[],,,Consultar metadados do conjunto,Consultar metadados do conjunto,docs/chaves_relacionamentos.md (exploratorio),2026-10-09T13:52:35+00:00,https://www12.senado.leg.br/dados-abertos/conjuntos?portal=Legislativo&grupo=senadores,Rotulo do catalogo/portal: JSON; validar cobertura e atualizacao antes da ingestao.
senado,bulk_file_or_feed,Senadores,ListaLegislatura.csv,GET,https://legis.senado.leg.br/dadosabertos/arquivos/ListaLegislatura.csv,CSV,[],,,Consultar metadados do conjunto,Consultar metadados do conjunto,docs/chaves_relacionamentos.md (exploratorio),2026-10-09T13:52:35+00:00,https://www12.senado.leg.br/dados-abertos/conjuntos?portal=Legislativo&grupo=senadores,Rotulo do catalogo/portal: CSV; validar cobertura e atualizacao antes da ingestao.
senado,bulk_file_or_feed,Senadores,ListaLegislatura.json,GET,https://legis.senado.leg.br/dadosabertos/arquivos/ListaLegislatura.json,JSON,[],,,Consultar metadados do conjunto,Consultar metadados do conjunto,docs/chaves_relacionamentos.md (exploratorio),2026-10-09T13:52:35+00:00,https://www12.senado.leg.br/dados-abertos/conjuntos?portal=Legislativo&grupo=senadores,Rotulo do catalogo/portal: JSON; validar cobertura e atualizacao antes da ingestao.
senado,bulk_file_or_feed,Senadores,ListaParlamentarEmExercicio.csv,GET,https://legis.senado.leg.br/dadosabertos/arquivos/ListaParlamentarEmExercicio.csv,CSV,[],,,Consultar metadados do conjunto,Consultar metadados do conjunto,docs/chaves_relacionamentos.md (exploratorio),2026-10-09T13:52:35+00:00,https://www12.senado.leg.br/dados-abertos/conjuntos?portal=Legislativo&grupo=senadores,Rotulo do catalogo/portal: CSV; validar cobertura e atualizacao antes da ingestao.
senado,bulk_file_or_feed,Senadores,ListaParlamentarEmExercicio.json,GET,https://legis.senado.leg.br/dadosabertos/arquivos/ListaParlamentarEmExercicio.json,JSON,[],,,Consultar metadados do conjunto,Consultar metadados do conjunto,docs/chaves_relacionamentos.md (exploratorio),2026-10-09T13:52:35+00:00,https://www12.senado.leg.br/dados-abertos/conjuntos?portal=Legislativo&grupo=senadores,Rotulo do catalogo/portal: JSON; validar cobertura e atualizacao antes da ingestao.
senado,bulk_file_or_feed,Senadores,ListaTiposSessao.csv,GET,https://legis.senado.leg.br/dadosabertos/arquivos/ListaTiposSessao.csv,CSV,[],,,Consultar metadados do conjunto,Consultar metadados do conjunto,docs/chaves_relacionamentos.md (exploratorio),2026-10-09T13:52:35+00:00,https://www12.senado.leg.br/dados-abertos/conjuntos?portal=Legislativo&grupo=senadores,Rotulo do catalogo/portal: CSV; validar cobertura e atualizacao antes da ingestao.
senado,bulk_file_or_feed,Senadores,ListaTiposSessao.json,GET,https://legis.senado.leg.br/dadosabertos/arquivos/ListaTiposSessao.json,JSON,[],,,Consultar metadados do conjunto,Consultar metadados do conjunto,docs/chaves_relacionamentos.md (exploratorio),2026-10-09T13:52:35+00:00,https://www12.senado.leg.br/dados-abertos/conjuntos?portal=Legislativo&grupo=senadores,Rotulo do catalogo/portal: JSON; validar cobertura e atualizacao antes da ingestao.
senado,bulk_file_or_feed,Senadores,ListaTiposUsoPalavra.csv,GET,https://legis.senado.leg.br/dadosabertos/arquivos/ListaTiposUsoPalavra.csv,CSV,[],,,Consultar metadados do conjunto,Consultar metadados do conjunto,docs/chaves_relacionamentos.md (exploratorio),2026-10-09T13:52:35+00:00,https://www12.senado.leg.br/dados-abertos/conjuntos?portal=Legislativo&grupo=senadores,Rotulo do catalogo/portal: CSV; validar cobertura e atualizacao antes da ingestao.
senado,bulk_file_or_feed,Senadores,ListaTiposUsoPalavra.json,GET,https://legis.senado.leg.br/dadosabertos/arquivos/ListaTiposUsoPalavra.json,JSON,[],,,Consultar metadados do conjunto,Consultar metadados do conjunto,docs/chaves_relacionamentos.md (exploratorio),2026-10-09T13:52:35+00:00,https://www12.senado.leg.br/dados-abertos/conjuntos?portal=Legislativo&grupo=senadores,Rotulo do catalogo/portal: JSON; validar cobertura e atualizacao antes da ingestao.
senado,bulk_file_or_feed,Senadores,lideranca.csv,GET,https://legis.senado.leg.br/dadosabertos/composicao/lideranca.csv,CSV,[],,,Consultar metadados do conjunto,Consultar metadados do conjunto,docs/chaves_relacionamentos.md (exploratorio),2026-10-09T13:52:35+00:00,https://www12.senado.leg.br/dados-abertos/conjuntos?portal=Legislativo&grupo=senadores,Rotulo do catalogo/portal: CSV; validar cobertura e atualizacao antes da ingestao.
senado,bulk_file_or_feed,Senadores,lideranca.csv,GET,https://legis.senado.leg.br/dadosabertos/composicao/lideranca.csv,CSV,[],,,Consultar metadados do conjunto,Consultar metadados do conjunto,docs/chaves_relacionamentos.md (exploratorio),2026-10-09T13:52:35+00:00,https://www12.senado.leg.br/dados-abertos/conjuntos?portal=Legislativo&grupo=senadores,Rotulo do catalogo/portal: CSV; validar cobertura e atualizacao antes da ingestao.
senado,bulk_file_or_feed,Senadores,AfastamentoAtual.xml,GET,https://legis.senado.leg.br/dadosabertos/dados/AfastamentoAtual.xml,XML,[],,,Consultar metadados do conjunto,Consultar metadados do conjunto,docs/chaves_relacionamentos.md (exploratorio),2026-10-09T13:52:35+00:00,https://www12.senado.leg.br/dados-abertos/conjuntos?portal=Legislativo&grupo=senadores,Rotulo do catalogo/portal: XML; validar cobertura e atualizacao antes da ingestao.
senado,bulk_file_or_feed,Senadores,ListaLegislatura.xml,GET,https://legis.senado.leg.br/dadosabertos/dados/ListaLegislatura.xml,XML,[],,,Consultar metadados do conjunto,Consultar metadados do conjunto,docs/chaves_relacionamentos.md (exploratorio),2026-10-09T13:52:35+00:00,https://www12.senado.leg.br/dados-abertos/conjuntos?portal=Legislativo&grupo=senadores,Rotulo do catalogo/portal: XML; validar cobertura e atualizacao antes da ingestao.
senado,bulk_file_or_feed,Senadores,ListaParlamentarEmExercicio.xml,GET,https://legis.senado.leg.br/dadosabertos/dados/ListaParlamentarEmExercicio.xml,XML,[],,,Consultar metadados do conjunto,Consultar metadados do conjunto,docs/chaves_relacionamentos.md (exploratorio),2026-10-09T13:52:35+00:00,https://www12.senado.leg.br/dados-abertos/conjuntos?portal=Legislativo&grupo=senadores,Rotulo do catalogo/portal: XML; validar cobertura e atualizacao antes da ingestao.
senado,bulk_file_or_feed,Senadores,ListaTiposSessao.xml,GET,https://legis.senado.leg.br/dadosabertos/dados/ListaTiposSessao.xml,XML,[],,,Consultar metadados do conjunto,Consultar metadados do conjunto,docs/chaves_relacionamentos.md (exploratorio),2026-10-09T13:52:35+00:00,https://www12.senado.leg.br/dados-abertos/conjuntos?portal=Legislativo&grupo=senadores,Rotulo do catalogo/portal: XML; validar cobertura e atualizacao antes da ingestao.
senado,bulk_file_or_feed,Senadores,ListaTiposUsoPalavra.xml,GET,https://legis.senado.leg.br/dadosabertos/dados/ListaTiposUsoPalavra.xml,XML,[],,,Consultar metadados do conjunto,Consultar metadados do conjunto,docs/chaves_relacionamentos.md (exploratorio),2026-10-09T13:52:35+00:00,https://www12.senado.leg.br/dados-abertos/conjuntos?portal=Legislativo&grupo=senadores,Rotulo do catalogo/portal: XML; validar cobertura e atualizacao antes da ingestao.
senado,bulk_file_or_feed,Senadores,processo.csv,GET,https://legis.senado.leg.br/dadosabertos/processo.csv,CSV,[],,,Consultar metadados do conjunto,Consultar metadados do conjunto,docs/chaves_relacionamentos.md (exploratorio),2026-10-09T13:52:35+00:00,https://www12.senado.leg.br/dados-abertos/conjuntos?portal=Legislativo&grupo=senadores,Rotulo do catalogo/portal: CSV; validar cobertura e atualizacao antes da ingestao.
senado,bulk_file_or_feed,Senadores,relatoria.csv,GET,https://legis.senado.leg.br/dadosabertos/processo/relatoria.csv,CSV,[],,,Consultar metadados do conjunto,Consultar metadados do conjunto,docs/chaves_relacionamentos.md (exploratorio),2026-10-09T13:52:35+00:00,https://www12.senado.leg.br/dados-abertos/conjuntos?portal=Legislativo&grupo=senadores,Rotulo do catalogo/portal: CSV; validar cobertura e atualizacao antes da ingestao.
senado,bulk_file_or_feed,Senadores,votacao.csv,GET,https://legis.senado.leg.br/dadosabertos/votacao.csv,CSV,[],,,Consultar metadados do conjunto,Consultar metadados do conjunto,docs/chaves_relacionamentos.md (exploratorio),2026-10-09T13:52:35+00:00,https://www12.senado.leg.br/dados-abertos/conjuntos?portal=Legislativo&grupo=senadores,Rotulo do catalogo/portal: CSV; validar cobertura e atualizacao antes da ingestao.
senado,bulk_file_or_feed,Senadores,votacao.csv,GET,https://legis.senado.leg.br/dadosabertos/votacao.csv,CSV,[],,,Consultar metadados do conjunto,Consultar metadados do conjunto,docs/chaves_relacionamentos.md (exploratorio),2026-10-09T13:52:35+00:00,https://www12.senado.leg.br/dados-abertos/conjuntos?portal=Legislativo&grupo=senadores,Rotulo do catalogo/portal: CSV; validar cobertura e atualizacao antes da ingestao.
